,country,year,value,category
1,Russian Federation,2019,4.9,Russian
2,Russian Federation,2018,5.4,Russian
3,Russian Federation,2017,5.9,Russian
4,Russian Federation,2016,6.5,Russian
5,Russian Federation,2015,7.0,Russian
6,Russian Federation,2014,7.6,Russian
7,Russian Federation,2013,8.1,Russian
8,Russian Federation,2012,8.4,Russian
9,Russian Federation,2011,8.7,Russian
10,Russian Federation,2010,8.9,Russian
11,Russian Federation,2009,9.2,Russian
12,Russian Federation,2008,9.6,Russian
13,Russian Federation,2007,10.2,Russian
14,Russian Federation,2006,11.0,Russian
15,Russian Federation,2005,11.9,Russian
16,Russian Federation,2004,12.8,Russian
17,Russian Federation,2003,13.8,Russian
18,Russian Federation,2002,14.8,Russian
19,Russian Federation,2001,15.7,Russian
20,Russian Federation,2000,16.5,Russian
21,Russian Federation,1999,17.1,Russian
22,Russian Federation,1998,17.7,Russian
23,Russian Federation,1997,18.1,Russian
24,Russian Federation,1996,18.4,Russian
25,Russian Federation,1995,18.6,Russian
26,Russian Federation,1994,18.6,Russian
27,Russian Federation,1993,18.6,Russian
28,Russian Federation,1992,18.5,Russian
29,Russian Federation,1991,18.3,Russian
30,Russian Federation,1990,18.4,Russian
31,Russian Federation,1989,18.7,Russian
32,Russian Federation,1988,19.2,Russian
33,Russian Federation,1987,19.9,Russian
34,Russian Federation,1986,20.5,Russian
35,Russian Federation,1985,21.1,Russian
36,Russian Federation,1984,21.6,Russian
37,Russian Federation,1983,22.0,Russian
38,Russian Federation,1982,22.4,Russian
39,Russian Federation,1981,22.8,Russian
40,Russian Federation,1980,23.2,Russian
41,Russian Federation,1979,23.6,Russian
42,Russian Federation,1978,24.0,Russian
43,Russian Federation,1977,24.5,Russian
44,Russian Federation,1976,25.1,Russian
45,Russian Federation,1975,25.8,Russian
46,Russian Federation,1974,26.6,Russian
47,Russian Federation,1973,27.6,Russian
48,Russian Federation,1972,28.8,Russian
49,Russian Federation,1971,29.9,Russian
51,Estonia,2019,1.9,Russian
52,Estonia,2018,2.0,Russian
53,Estonia,2017,2.1,Russian
54,Estonia,2016,2.3,Russian
55,Estonia,2015,2.5,Russian
56,Estonia,2014,2.6,Russian
57,Estonia,2013,2.8,Russian
58,Estonia,2012,3.1,Russian
59,Estonia,2011,3.3,Russian
60,Estonia,2010,3.6,Russian
61,Estonia,2009,3.9,Russian
62,Estonia,2008,4.3,Russian
63,Estonia,2007,4.7,Russian
64,Estonia,2006,5.1,Russian
65,Estonia,2005,5.6,Russian
66,Estonia,2004,6.1,Russian
67,Estonia,2003,6.7,Russian
68,Estonia,2002,7.3,Russian
69,Estonia,2001,8.0,Russian
70,Estonia,2000,8.7,Russian
71,Estonia,1999,9.4,Russian
72,Estonia,1998,10.1,Russian
73,Estonia,1997,10.9,Russian
74,Estonia,1996,11.7,Russian
75,Estonia,1995,12.4,Russian
76,Estonia,1994,13.0,Russian
77,Estonia,1993,13.4,Russian
78,Estonia,1992,13.7,Russian
79,Estonia,1991,13.9,Russian
80,Estonia,1990,14.0,Russian
81,Estonia,1989,14.1,Russian
82,Estonia,1988,14.3,Russian
83,Estonia,1987,14.5,Russian
84,Estonia,1986,14.7,Russian
85,Estonia,1985,15.1,Russian
86,Estonia,1984,15.4,Russian
87,Estonia,1983,15.9,Russian
88,Estonia,1982,16.5,Russian
89,Estonia,1981,17.1,Russian
90,Estonia,1980,17.8,Russian
101,Latvia,2019,3.1,Russian
102,Latvia,2018,3.3,Russian
103,Latvia,2017,3.6,Russian
104,Latvia,2016,3.9,Russian
105,Latvia,2015,4.2,Russian
106,Latvia,2014,4.6,Russian
107,Latvia,2013,5.1,Russian
108,Latvia,2012,5.6,Russian
109,Latvia,2011,6.1,Russian
110,Latvia,2010,6.5,Russian
111,Latvia,2009,7.0,Russian
112,Latvia,2008,7.3,Russian
113,Latvia,2007,7.7,Russian
114,Latvia,2006,8.1,Russian
115,Latvia,2005,8.6,Russian
116,Latvia,2004,9.2,Russian
117,Latvia,2003,9.7,Russian
118,Latvia,2002,10.2,Russian
119,Latvia,2001,10.8,Russian
120,Latvia,2000,11.5,Russian
121,Latvia,1999,12.4,Russian
122,Latvia,1998,13.4,Russian
123,Latvia,1997,14.3,Russian
124,Latvia,1996,15.2,Russian
125,Latvia,1995,15.7,Russian
126,Latvia,1994,15.8,Russian
127,Latvia,1993,15.7,Russian
128,Latvia,1992,15.1,Russian
129,Latvia,1991,14.3,Russian
130,Latvia,1990,13.2,Russian
131,Latvia,1989,12.2,Russian
132,Latvia,1988,11.7,Russian
133,Latvia,1987,11.8,Russian
134,Latvia,1986,12.4,Russian
135,Latvia,1985,13.2,Russian
136,Latvia,1984,14.1,Russian
137,Latvia,1983,14.7,Russian
138,Latvia,1982,15.1,Russian
139,Latvia,1981,15.3,Russian
140,Latvia,1980,15.3,Russian
141,Latvia,1979,15.3,Russian
151,Lithuania,2019,3.0,Russian
152,Lithuania,2018,3.3,Russian
153,Lithuania,2017,3.6,Russian
154,Lithuania,2016,3.9,Russian
155,Lithuania,2015,4.0,Russian
156,Lithuania,2014,4.0,Russian
157,Lithuania,2013,4.1,Russian
158,Lithuania,2012,4.2,Russian
159,Lithuania,2011,4.5,Russian
160,Lithuania,2010,4.9,Russian
161,Lithuania,2009,5.4,Russian
162,Lithuania,2008,5.9,Russian
163,Lithuania,2007,6.5,Russian
164,Lithuania,2006,6.9,Russian
165,Lithuania,2005,7.3,Russian
166,Lithuania,2004,7.5,Russian
167,Lithuania,2003,7.6,Russian
168,Lithuania,2002,7.9,Russian
169,Lithuania,2001,8.2,Russian
170,Lithuania,2000,8.6,Russian
171,Lithuania,1999,8.9,Russian
172,Lithuania,1998,9.3,Russian
173,Lithuania,1997,9.8,Russian
174,Lithuania,1996,10.7,Russian
175,Lithuania,1995,11.9,Russian
176,Lithuania,1994,13.4,Russian
177,Lithuania,1993,14.5,Russian
178,Lithuania,1992,14.2,Russian
179,Lithuania,1991,13.0,Russian
180,Lithuania,1990,11.9,Russian
181,Lithuania,1989,11.3,Russian
182,Lithuania,1988,11.4,Russian
183,Lithuania,1987,11.9,Russian
184,Lithuania,1986,12.8,Russian
185,Lithuania,1985,13.7,Russian
186,Lithuania,1984,14.3,Russian
187,Lithuania,1983,14.8,Russian
188,Lithuania,1982,15.1,Russian
189,Lithuania,1981,15.5,Russian
190,Lithuania,1980,16.0,Russian
191,Lithuania,1979,16.6,Russian
192,Lithuania,1978,17.2,Russian
193,Lithuania,1977,17.6,Russian
194,Lithuania,1976,17.8,Russian
195,Lithuania,1975,17.7,Russian
196,Lithuania,1974,17.3,Russian
197,Lithuania,1973,16.9,Russian
198,Lithuania,1972,16.7,Russian
199,Lithuania,1971,17.0,Russian
201,Belarus,2019,2.4,Russian
202,Belarus,2018,2.6,Russian
203,Belarus,2017,2.7,Russian
204,Belarus,2016,2.9,Russian
205,Belarus,2015,3.0,Russian
206,Belarus,2014,3.2,Russian
207,Belarus,2013,3.4,Russian
208,Belarus,2012,3.6,Russian
209,Belarus,2011,3.9,Russian
210,Belarus,2010,4.2,Russian
211,Belarus,2009,4.6,Russian
212,Belarus,2008,5.0,Russian
213,Belarus,2007,5.5,Russian
214,Belarus,2006,6.0,Russian
215,Belarus,2005,6.5,Russian
216,Belarus,2004,7.1,Russian
217,Belarus,2003,7.7,Russian
218,Belarus,2002,8.4,Russian
219,Belarus,2001,9.1,Russian
220,Belarus,2000,9.9,Russian
221,Belarus,1999,10.7,Russian
222,Belarus,1998,11.3,Russian
223,Belarus,1997,11.8,Russian
224,Belarus,1996,12.2,Russian
225,Belarus,1995,12.4,Russian
226,Belarus,1994,12.4,Russian
227,Belarus,1993,12.3,Russian
228,Belarus,1992,12.2,Russian
229,Belarus,1991,12.1,Russian
230,Belarus,1990,12.2,Russian
231,Belarus,1989,12.3,Russian
232,Belarus,1988,12.7,Russian
233,Belarus,1987,13.2,Russian
234,Belarus,1986,13.7,Russian
235,Belarus,1985,14.2,Russian
236,Belarus,1984,14.7,Russian
237,Belarus,1983,15.2,Russian
238,Belarus,1982,15.8,Russian
239,Belarus,1981,16.5,Russian
240,Belarus,1980,17.2,Russian
251,Ukraine,2019,7.2,Russian
252,Ukraine,2018,7.4,Russian
253,Ukraine,2017,7.6,Russian
254,Ukraine,2016,7.9,Russian
255,Ukraine,2015,8.1,Russian
256,Ukraine,2014,8.4,Russian
257,Ukraine,2013,8.8,Russian
258,Ukraine,2012,9.2,Russian
259,Ukraine,2011,9.6,Russian
260,Ukraine,2010,10.1,Russian
261,Ukraine,2009,10.6,Russian
262,Ukraine,2008,11.1,Russian
263,Ukraine,2007,11.5,Russian
264,Ukraine,2006,12.0,Russian
265,Ukraine,2005,12.5,Russian
266,Ukraine,2004,13.1,Russian
267,Ukraine,2003,13.7,Russian
268,Ukraine,2002,14.3,Russian
269,Ukraine,2001,15.0,Russian
270,Ukraine,2000,15.7,Russian
271,Ukraine,1999,16.3,Russian
272,Ukraine,1998,16.9,Russian
273,Ukraine,1997,17.2,Russian
274,Ukraine,1996,17.3,Russian
275,Ukraine,1995,17.3,Russian
276,Ukraine,1994,17.1,Russian
277,Ukraine,1993,16.9,Russian
278,Ukraine,1992,16.6,Russian
279,Ukraine,1991,16.5,Russian
280,Ukraine,1990,16.6,Russian
281,Ukraine,1989,16.8,Russian
282,Ukraine,1988,17.1,Russian
283,Ukraine,1987,17.6,Russian
284,Ukraine,1986,18.3,Russian
285,Ukraine,1985,19.0,Russian
286,Ukraine,1984,19.7,Russian
287,Ukraine,1983,20.5,Russian
288,Ukraine,1982,21.2,Russian
289,Ukraine,1981,21.9,Russian
290,Ukraine,1980,22.5,Russian
291,Ukraine,1979,23.1,Russian
292,Ukraine,1978,23.5,Russian
293,Ukraine,1977,23.9,Russian
294,Ukraine,1976,24.3,Russian
295,Ukraine,1975,24.9,Russian
296,Ukraine,1974,25.5,Russian
297,Ukraine,1973,26.2,Russian
298,Ukraine,1972,27.0,Russian
299,Ukraine,1971,27.9,Russian
301,Armenia,2019,10.5,Russian
302,Armenia,2018,11.0,Russian
303,Armenia,2017,11.6,Russian
304,Armenia,2016,12.2,Russian
305,Armenia,2015,12.8,Russian
306,Armenia,2014,13.5,Russian
307,Armenia,2013,14.2,Russian
308,Armenia,2012,14.9,Russian
309,Armenia,2011,15.7,Russian
310,Armenia,2010,16.5,Russian
311,Armenia,2009,17.4,Russian
312,Armenia,2008,18.3,Russian
313,Armenia,2007,19.2,Russian
314,Armenia,2006,20.2,Russian
315,Armenia,2005,21.3,Russian
316,Armenia,2004,22.3,Russian
317,Armenia,2003,23.5,Russian
318,Armenia,2002,24.6,Russian
319,Armenia,2001,25.8,Russian
320,Armenia,2000,27.0,Russian
321,Armenia,1999,28.3,Russian
322,Armenia,1998,29.6,Russian
323,Armenia,1997,30.9,Russian
324,Armenia,1996,32.4,Russian
325,Armenia,1995,33.8,Russian
326,Armenia,1994,35.3,Russian
327,Armenia,1993,36.9,Russian
328,Armenia,1992,38.5,Russian
329,Armenia,1991,40.1,Russian
330,Armenia,1990,41.7,Russian
331,Armenia,1989,43.4,Russian
332,Armenia,1988,48.9,Russian
333,Armenia,1987,46.7,Russian
334,Armenia,1986,48.4,Russian
335,Armenia,1985,50.2,Russian
336,Armenia,1984,52.0,Russian
337,Armenia,1983,53.9,Russian
338,Armenia,1982,55.8,Russian
339,Armenia,1981,57.8,Russian
340,Armenia,1980,59.9,Russian
341,Armenia,1979,62.2,Russian
342,Armenia,1978,64.5,Russian
343,Armenia,1977,67.0,Russian
344,Armenia,1976,69.5,Russian
351,Kyrgyz Republic,2019,16.4,Russian
352,Kyrgyz Republic,2018,17.1,Russian
353,Kyrgyz Republic,2017,18.0,Russian
354,Kyrgyz Republic,2016,18.9,Russian
355,Kyrgyz Republic,2015,19.9,Russian
356,Kyrgyz Republic,2014,20.9,Russian
357,Kyrgyz Republic,2013,22.0,Russian
358,Kyrgyz Republic,2012,23.2,Russian
359,Kyrgyz Republic,2011,24.5,Russian
360,Kyrgyz Republic,2010,26.1,Russian
361,Kyrgyz Republic,2009,27.8,Russian
362,Kyrgyz Republic,2008,29.6,Russian
363,Kyrgyz Republic,2007,31.2,Russian
364,Kyrgyz Republic,2006,32.7,Russian
365,Kyrgyz Republic,2005,34.1,Russian
366,Kyrgyz Republic,2004,35.6,Russian
367,Kyrgyz Republic,2003,37.2,Russian
368,Kyrgyz Republic,2002,38.8,Russian
369,Kyrgyz Republic,2001,40.6,Russian
370,Kyrgyz Republic,2000,42.4,Russian
371,Kyrgyz Republic,1999,44.4,Russian
372,Kyrgyz Republic,1998,46.3,Russian
373,Kyrgyz Republic,1997,48.4,Russian
374,Kyrgyz Republic,1996,50.4,Russian
375,Kyrgyz Republic,1995,52.1,Russian
376,Kyrgyz Republic,1994,53.3,Russian
377,Kyrgyz Republic,1993,54.0,Russian
378,Kyrgyz Republic,1992,54.0,Russian
379,Kyrgyz Republic,1991,53.8,Russian
380,Kyrgyz Republic,1990,54.0,Russian
381,Kyrgyz Republic,1989,55.0,Russian
382,Kyrgyz Republic,1988,56.7,Russian
383,Kyrgyz Republic,1987,59.0,Russian
384,Kyrgyz Republic,1986,61.8,Russian
385,Kyrgyz Republic,1985,64.7,Russian
386,Kyrgyz Republic,1984,67.8,Russian
387,Kyrgyz Republic,1983,70.8,Russian
388,Kyrgyz Republic,1982,73.7,Russian
389,Kyrgyz Republic,1981,76.4,Russian
390,Kyrgyz Republic,1980,78.9,Russian
391,Kyrgyz Republic,1979,81.0,Russian
392,Kyrgyz Republic,1978,83.0,Russian
393,Kyrgyz Republic,1977,85.0,Russian
394,Kyrgyz Republic,1976,86.7,Russian
395,Kyrgyz Republic,1975,88.5,Russian
401,Georgia,2019,8.5,Russian
402,Georgia,2018,8.7,Russian
403,Georgia,2017,8.9,Russian
404,Georgia,2016,9.1,Russian
405,Georgia,2015,9.4,Russian
406,Georgia,2014,9.7,Russian
407,Georgia,2013,10.2,Russian
408,Georgia,2012,10.8,Russian
409,Georgia,2011,11.6,Russian
410,Georgia,2010,12.7,Russian
411,Georgia,2009,13.9,Russian
412,Georgia,2008,15.4,Russian
413,Georgia,2007,17.1,Russian
414,Georgia,2006,18.9,Russian
415,Georgia,2005,21.0,Russian
416,Georgia,2004,23.2,Russian
417,Georgia,2003,25.5,Russian
418,Georgia,2002,27.7,Russian
419,Georgia,2001,29.9,Russian
420,Georgia,2000,31.9,Russian
421,Georgia,1999,33.8,Russian
422,Georgia,1998,35.4,Russian
423,Georgia,1997,36.8,Russian
424,Georgia,1996,37.9,Russian
425,Georgia,1995,38.8,Russian
426,Georgia,1994,39.5,Russian
427,Georgia,1993,40.0,Russian
428,Georgia,1992,40.3,Russian
429,Georgia,1991,40.6,Russian
430,Georgia,1990,40.9,Russian
431,Georgia,1989,41.1,Russian
432,Georgia,1988,41.4,Russian
433,Georgia,1987,41.7,Russian
434,Georgia,1986,42.2,Russian
435,Georgia,1985,42.9,Russian
436,Georgia,1984,43.9,Russian
437,Georgia,1983,45.0,Russian
438,Georgia,1982,46.3,Russian
439,Georgia,1981,47.9,Russian
440,Georgia,1980,49.5,Russian
441,Georgia,1979,51.2,Russian
442,Georgia,1978,52.9,Russian
443,Georgia,1977,54.6,Russian
444,Georgia,1976,56.4,Russian
445,Georgia,1975,58.3,Russian
451,United Kingdom,2019,3.7,British
452,United Kingdom,2018,3.7,British
453,United Kingdom,2017,3.8,British
454,United Kingdom,2016,3.8,British
455,United Kingdom,2015,3.8,British
456,United Kingdom,2014,3.9,British
457,United Kingdom,2013,4.0,British
458,United Kingdom,2012,4.1,British
459,United Kingdom,2011,4.3,British
460,United Kingdom,2010,4.4,British
461,United Kingdom,2009,4.6,British
462,United Kingdom,2008,4.8,British
463,United Kingdom,2007,4.9,British
464,United Kingdom,2006,5.0,British
465,United Kingdom,2005,5.1,British
466,United Kingdom,2004,5.2,British
467,United Kingdom,2003,5.3,British
468,United Kingdom,2002,5.4,British
469,United Kingdom,2001,5.5,British
470,United Kingdom,2000,5.6,British
471,United Kingdom,1999,5.7,British
472,United Kingdom,1998,5.8,British
473,United Kingdom,1997,5.9,British
474,United Kingdom,1996,6.0,British
475,United Kingdom,1995,6.1,British
476,United Kingdom,1994,6.3,British
477,United Kingdom,1993,6.6,British
478,United Kingdom,1992,6.9,British
479,United Kingdom,1991,7.4,British
480,United Kingdom,1990,7.9,British
481,United Kingdom,1989,8.4,British
482,United Kingdom,1988,8.8,British
483,United Kingdom,1987,9.2,British
484,United Kingdom,1986,9.4,British
485,United Kingdom,1985,9.7,British
486,United Kingdom,1984,10.0,British
487,United Kingdom,1983,10.4,British
488,United Kingdom,1982,10.8,British
489,United Kingdom,1981,11.4,British
490,United Kingdom,1980,12.1,British
491,United Kingdom,1979,12.7,British
492,United Kingdom,1978,13.4,British
493,United Kingdom,1977,14.1,British
494,United Kingdom,1976,14.7,British
495,United Kingdom,1975,15.4,British
496,United Kingdom,1974,16.0,British
497,United Kingdom,1973,16.6,British
498,United Kingdom,1972,17.2,British
499,United Kingdom,1971,17.6,British
501,Malta,2019,6.1,British
502,Malta,2018,6.1,British
503,Malta,2017,6.2,British
504,Malta,2016,6.1,British
505,Malta,2015,6.1,British
506,Malta,2014,6.1,British
507,Malta,2013,6.0,British
508,Malta,2012,6.0,British
509,Malta,2011,6.0,British
510,Malta,2010,5.9,British
511,Malta,2009,5.9,British
512,Malta,2008,5.9,British
513,Malta,2007,5.9,British
514,Malta,2006,5.9,British
515,Malta,2005,6.0,British
516,Malta,2004,6.0,British
517,Malta,2003,6.1,British
518,Malta,2002,6.3,British
519,Malta,2001,6.4,British
520,Malta,2000,6.7,British
521,Malta,1999,6.9,British
522,Malta,1998,7.2,British
523,Malta,1997,7.5,British
524,Malta,1996,7.9,British
525,Malta,1995,8.3,British
526,Malta,1994,8.6,British
527,Malta,1993,9.0,British
528,Malta,1992,9.3,British
529,Malta,1991,9.7,British
530,Malta,1990,10.0,British
531,Malta,1989,10.4,British
532,Malta,1988,10.8,British
533,Malta,1987,11.3,British
534,Malta,1986,11.8,British
535,Malta,1985,12.3,British
536,Malta,1984,12.8,British
537,Malta,1983,13.4,British
538,Malta,1982,13.9,British
539,Malta,1981,14.4,British
540,Malta,1980,15.0,British
541,Malta,1979,15.6,British
542,Malta,1978,16.3,British
543,Malta,1977,17.1,British
544,Malta,1976,18.0,British
545,Malta,1975,19.0,British
546,Malta,1974,20.1,British
547,Malta,1973,21.3,British
548,Malta,1972,22.5,British
549,Malta,1971,23.6,British
551,Singapore,2019,2.1,British
552,Singapore,2018,2.1,British
553,Singapore,2017,2.1,British
554,Singapore,2016,2.2,British
555,Singapore,2015,2.2,British
556,Singapore,2014,2.2,British
557,Singapore,2013,2.2,British
558,Singapore,2012,2.2,British
559,Singapore,2011,2.2,British
560,Singapore,2010,2.2,British
561,Singapore,2009,2.2,British
562,Singapore,2008,2.2,British
563,Singapore,2007,2.2,British
564,Singapore,2006,2.3,British
565,Singapore,2005,2.3,British
566,Singapore,2004,2.4,British
567,Singapore,2003,2.5,British
568,Singapore,2002,2.6,British
569,Singapore,2001,2.8,British
570,Singapore,2000,3.0,British
571,Singapore,1999,3.2,British
572,Singapore,1998,3.4,British
573,Singapore,1997,3.6,British
574,Singapore,1996,3.8,British
575,Singapore,1995,4.0,British
576,Singapore,1994,4.2,British
577,Singapore,1993,4.6,British
578,Singapore,1992,5.0,British
579,Singapore,1991,5.5,British
580,Singapore,1990,6.1,British
581,Singapore,1989,6.8,British
582,Singapore,1988,7.3,British
583,Singapore,1987,7.9,British
584,Singapore,1986,8.3,British
585,Singapore,1985,8.8,British
586,Singapore,1984,9.3,British
587,Singapore,1983,9.9,British
588,Singapore,1982,10.7,British
589,Singapore,1981,11.5,British
590,Singapore,1980,12.0,British
591,Singapore,1979,12.2,British
592,Singapore,1978,12.3,British
593,Singapore,1977,12.4,British
594,Singapore,1976,12.9,British
595,Singapore,1975,14.0,British
596,Singapore,1974,15.8,British
597,Singapore,1973,17.8,British
598,Singapore,1972,19.5,British
599,Singapore,1971,20.7,British
601,Ireland,2019,2.8,British
602,Ireland,2018,2.9,British
603,Ireland,2017,3.0,British
604,Ireland,2016,3.1,British
605,Ireland,2015,3.2,British
606,Ireland,2014,3.3,British
607,Ireland,2013,3.3,British
608,Ireland,2012,3.4,British
609,Ireland,2011,3.5,British
610,Ireland,2010,3.5,British
611,Ireland,2009,3.6,British
612,Ireland,2008,3.8,British
613,Ireland,2007,3.9,British
614,Ireland,2006,4.1,British
615,Ireland,2005,4.4,British
616,Ireland,2004,4.7,British
617,Ireland,2003,5.1,British
618,Ireland,2002,5.4,British
619,Ireland,2001,5.8,British
620,Ireland,2000,6.0,British
621,Ireland,1999,6.1,British
622,Ireland,1998,6.1,British
623,Ireland,1997,6.1,British
624,Ireland,1996,6.1,British
625,Ireland,1995,6.1,British
626,Ireland,1994,6.2,British
627,Ireland,1993,6.4,British
628,Ireland,1992,6.8,British
629,Ireland,1991,7.2,British
630,Ireland,1990,7.6,British
631,Ireland,1989,8.0,British
632,Ireland,1988,8.3,British
633,Ireland,1987,8.4,British
634,Ireland,1986,8.6,British
635,Ireland,1985,8.9,British
636,Ireland,1984,9.3,British
637,Ireland,1983,9.7,British
638,Ireland,1982,10.3,British
639,Ireland,1981,11.0,British
640,Ireland,1980,12.0,British
641,Ireland,1979,13.0,British
642,Ireland,1978,14.2,British
643,Ireland,1977,15.2,British
644,Ireland,1976,16.1,British
645,Ireland,1975,16.9,British
646,Ireland,1974,17.5,British
647,Ireland,1973,17.9,British
648,Ireland,1972,18.3,British
649,Ireland,1971,18.6,British
651,India,2019,28.3,British
652,India,2018,29.7,British
653,India,2017,31.4,British
654,India,2016,33.1,British
655,India,2015,34.9,British
656,India,2014,36.9,British
657,India,2013,38.8,British
658,India,2012,40.9,British
659,India,2011,43.0,British
660,India,2010,45.1,British
661,India,2009,47.3,British
662,India,2008,49.4,British
663,India,2007,51.6,British
664,India,2006,53.7,British
665,India,2005,55.7,British
666,India,2004,57.8,British
667,India,2003,60.0,British
668,India,2002,62.2,British
669,India,2001,64.4,British
670,India,2000,66.7,British
671,India,1999,69.0,British
672,India,1998,71.3,British
673,India,1997,73.6,British
674,India,1996,75.8,British
675,India,1995,78.0,British
676,India,1994,80.1,British
677,India,1993,82.2,British
678,India,1992,84.3,British
679,India,1991,86.4,British
680,India,1990,88.6,British
681,India,1989,90.9,British
682,India,1988,93.4,British
683,India,1987,95.9,British
684,India,1986,98.4,British
685,India,1985,100.8,British
686,India,1984,103.2,British
687,India,1983,105.8,British
688,India,1982,108.5,British
689,India,1981,111.4,British
690,India,1980,114.5,British
691,India,1979,117.8,British
692,India,1978,121.1,British
693,India,1977,124.6,British
694,India,1976,127.9,British
695,India,1975,131.0,British
696,India,1974,133.8,British
697,India,1973,136.3,British
698,India,1972,138.6,British
699,India,1971,140.6,British
701,Malaysia,2019,7.3,British
702,Malaysia,2018,7.2,British
703,Malaysia,2017,7.1,British
704,Malaysia,2016,7.0,British
705,Malaysia,2015,6.9,British
706,Malaysia,2014,6.8,British
707,Malaysia,2013,6.8,British
708,Malaysia,2012,6.8,British
709,Malaysia,2011,6.8,British
710,Malaysia,2010,6.9,British
711,Malaysia,2009,6.9,British
712,Malaysia,2008,6.9,British
713,Malaysia,2007,6.9,British
714,Malaysia,2006,7.0,British
715,Malaysia,2005,7.0,British
716,Malaysia,2004,7.1,British
717,Malaysia,2003,7.3,British
718,Malaysia,2002,7.6,British
719,Malaysia,2001,8.1,British
720,Malaysia,2000,8.7,British
721,Malaysia,1999,9.4,British
722,Malaysia,1998,10.1,British
723,Malaysia,1997,10.6,British
724,Malaysia,1996,11.1,British
725,Malaysia,1995,11.5,British
726,Malaysia,1994,11.9,British
727,Malaysia,1993,12.4,British
728,Malaysia,1992,13.0,British
729,Malaysia,1991,13.6,British
730,Malaysia,1990,14.2,British
731,Malaysia,1989,14.9,British
732,Malaysia,1988,15.6,British
733,Malaysia,1987,16.5,British
734,Malaysia,1986,17.4,British
735,Malaysia,1985,18.4,British
736,Malaysia,1984,19.5,British
737,Malaysia,1983,20.7,British
738,Malaysia,1982,22.1,British
739,Malaysia,1981,23.6,British
740,Malaysia,1980,25.2,British
741,Malaysia,1979,26.9,British
742,Malaysia,1978,28.7,British
743,Malaysia,1977,30.5,British
744,Malaysia,1976,32.4,British
745,Malaysia,1975,34.2,British
746,Malaysia,1974,35.9,British
747,Malaysia,1973,37.5,British
748,Malaysia,1972,39.1,British
749,Malaysia,1971,40.4,British
751,South Africa,2019,27.5,British
752,South Africa,2018,27.8,British
753,South Africa,2017,28.2,British
754,South Africa,2016,28.2,British
755,South Africa,2015,28.5,British
756,South Africa,2014,29.0,British
757,South Africa,2013,29.2,British
758,South Africa,2012,29.8,British
759,South Africa,2011,30.5,British
760,South Africa,2010,32.5,British
761,South Africa,2009,36.5,British
762,South Africa,2008,41.2,British
763,South Africa,2007,45.0,British
764,South Africa,2006,47.5,British
765,South Africa,2005,48.2,British
766,South Africa,2004,48.3,British
767,South Africa,2003,47.2,British
768,South Africa,2002,46.7,British
769,South Africa,2001,46.6,British
770,South Africa,2000,46.3,British
771,South Africa,1999,46.0,British
772,South Africa,1998,45.3,British
773,South Africa,1997,44.9,British
774,South Africa,1996,44.4,British
775,South Africa,1995,43.8,British
776,South Africa,1994,43.2,British
777,South Africa,1993,42.9,British
778,South Africa,1992,42.9,British
779,South Africa,1991,43.5,British
780,South Africa,1990,44.5,British
781,South Africa,1989,45.8,British
782,South Africa,1988,47.5,British
783,South Africa,1987,49.4,British
784,South Africa,1986,51.4,British
785,South Africa,1985,53.6,British
786,South Africa,1984,55.9,British
787,South Africa,1983,58.4,British
788,South Africa,1982,61.1,British
789,South Africa,1981,63.9,British
790,South Africa,1980,67.0,British
791,South Africa,1979,70.2,British
792,South Africa,1978,73.8,British
793,South Africa,1977,77.5,British
794,South Africa,1976,81.5,British
795,South Africa,1975,85.7,British
796,South Africa,1974,90.1,British
801,Fiji,2019,21.7,British
802,Fiji,2018,21.6,British
803,Fiji,2017,21.3,British
804,Fiji,2016,20.9,British
805,Fiji,2015,20.6,British
806,Fiji,2014,20.3,British
807,Fiji,2013,20.1,British
808,Fiji,2012,20.0,British
809,Fiji,2011,20.0,British
810,Fiji,2010,20.1,British
811,Fiji,2009,20.1,British
812,Fiji,2008,20.1,British
813,Fiji,2007,20.0,British
814,Fiji,2006,19.8,British
815,Fiji,2005,19.5,British
816,Fiji,2004,19.3,British
817,Fiji,2003,19.1,British
818,Fiji,2002,19.0,British
819,Fiji,2001,19.1,British
820,Fiji,2000,19.3,British
821,Fiji,1999,19.6,British
822,Fiji,1998,19.9,British
823,Fiji,1997,20.2,British
824,Fiji,1996,20.5,British
825,Fiji,1995,20.9,British
826,Fiji,1994,21.4,British
827,Fiji,1993,21.9,British
828,Fiji,1992,22.6,British
829,Fiji,1991,23.3,British
830,Fiji,1990,24.2,British
831,Fiji,1989,25.1,British
832,Fiji,1988,25.9,British
833,Fiji,1987,26.8,British
834,Fiji,1986,27.8,British
835,Fiji,1985,28.8,British
836,Fiji,1984,29.9,British
837,Fiji,1983,31.1,British
838,Fiji,1982,32.5,British
839,Fiji,1981,33.9,British
840,Fiji,1980,35.5,British
841,Fiji,1979,37.1,British
842,Fiji,1978,38.6,British
843,Fiji,1977,40.0,British
844,Fiji,1976,41.2,British
845,Fiji,1975,42.1,British
846,Fiji,1974,42.9,British
847,Fiji,1973,43.5,British
848,Fiji,1972,43.9,British
849,Fiji,1971,44.3,British
851,"Egypt, Arab Rep.",2019,17.3,British
852,"Egypt, Arab Rep.",2018,17.9,British
853,"Egypt, Arab Rep.",2017,18.5,British
854,"Egypt, Arab Rep.",2016,19.2,British
855,"Egypt, Arab Rep.",2015,19.9,British
856,"Egypt, Arab Rep.",2014,20.6,British
857,"Egypt, Arab Rep.",2013,21.4,British
858,"Egypt, Arab Rep.",2012,22.2,British
859,"Egypt, Arab Rep.",2011,23.1,British
860,"Egypt, Arab Rep.",2010,24.1,British
861,"Egypt, Arab Rep.",2009,25.1,British
862,"Egypt, Arab Rep.",2008,26.1,British
863,"Egypt, Arab Rep.",2007,27.1,British
864,"Egypt, Arab Rep.",2006,28.2,British
865,"Egypt, Arab Rep.",2005,29.4,British
866,"Egypt, Arab Rep.",2004,30.6,British
867,"Egypt, Arab Rep.",2003,32.0,British
868,"Egypt, Arab Rep.",2002,33.5,British
869,"Egypt, Arab Rep.",2001,35.2,British
870,"Egypt, Arab Rep.",2000,37.2,British
871,"Egypt, Arab Rep.",1999,39.2,British
872,"Egypt, Arab Rep.",1998,41.5,British
873,"Egypt, Arab Rep.",1997,44.0,British
874,"Egypt, Arab Rep.",1996,46.6,British
875,"Egypt, Arab Rep.",1995,49.4,British
876,"Egypt, Arab Rep.",1994,52.1,British
877,"Egypt, Arab Rep.",1993,54.9,British
878,"Egypt, Arab Rep.",1992,57.5,British
879,"Egypt, Arab Rep.",1991,60.1,British
880,"Egypt, Arab Rep.",1990,62.7,British
881,"Egypt, Arab Rep.",1989,65.6,British
882,"Egypt, Arab Rep.",1988,69.0,British
883,"Egypt, Arab Rep.",1987,73.2,British
884,"Egypt, Arab Rep.",1986,78.1,British
885,"Egypt, Arab Rep.",1985,83.8,British
886,"Egypt, Arab Rep.",1984,90.0,British
887,"Egypt, Arab Rep.",1983,96.4,British
888,"Egypt, Arab Rep.",1982,102.6,British
889,"Egypt, Arab Rep.",1981,108.6,British
890,"Egypt, Arab Rep.",1980,114.3,British
891,"Egypt, Arab Rep.",1979,120.1,British
892,"Egypt, Arab Rep.",1978,126.2,British
893,"Egypt, Arab Rep.",1977,132.4,British
894,"Egypt, Arab Rep.",1976,138.6,British
895,"Egypt, Arab Rep.",1975,144.5,British
896,"Egypt, Arab Rep.",1974,149.9,British
897,"Egypt, Arab Rep.",1973,154.6,British
898,"Egypt, Arab Rep.",1972,158.2,British
899,"Egypt, Arab Rep.",1971,161.0,British
901,Spain,2019,2.6,Spanish
902,Spain,2018,2.6,Spanish
903,Spain,2017,2.7,Spanish
904,Spain,2016,2.7,Spanish
905,Spain,2015,2.7,Spanish
906,Spain,2014,2.8,Spanish
907,Spain,2013,2.9,Spanish
908,Spain,2012,2.9,Spanish
909,Spain,2011,3.0,Spanish
910,Spain,2010,3.2,Spanish
911,Spain,2009,3.3,Spanish
912,Spain,2008,3.4,Spanish
913,Spain,2007,3.6,Spanish
914,Spain,2006,3.7,Spanish
915,Spain,2005,3.8,Spanish
916,Spain,2004,3.9,Spanish
917,Spain,2003,4.0,Spanish
918,Spain,2002,4.1,Spanish
919,Spain,2001,4.3,Spanish
920,Spain,2000,4.4,Spanish
921,Spain,1999,4.5,Spanish
922,Spain,1998,4.7,Spanish
923,Spain,1997,4.9,Spanish
924,Spain,1996,5.2,Spanish
925,Spain,1995,5.6,Spanish
926,Spain,1994,5.9,Spanish
927,Spain,1993,6.3,Spanish
928,Spain,1992,6.7,Spanish
929,Spain,1991,7.1,Spanish
930,Spain,1990,7.4,Spanish
931,Spain,1989,7.8,Spanish
932,Spain,1988,8.1,Spanish
933,Spain,1987,8.4,Spanish
934,Spain,1986,8.8,Spanish
935,Spain,1985,9.2,Spanish
936,Spain,1984,9.6,Spanish
937,Spain,1983,10.1,Spanish
938,Spain,1982,10.8,Spanish
939,Spain,1981,11.5,Spanish
940,Spain,1980,12.4,Spanish
941,Spain,1979,13.4,Spanish
942,Spain,1978,14.5,Spanish
943,Spain,1977,15.7,Spanish
944,Spain,1976,17.1,Spanish
945,Spain,1975,18.5,Spanish
946,Spain,1974,20.0,Spanish
951,Luxembourg,2019,2.2,Spanish
952,Luxembourg,2018,2.3,Spanish
953,Luxembourg,2017,2.3,Spanish
954,Luxembourg,2016,2.4,Spanish
955,Luxembourg,2015,2.4,Spanish
956,Luxembourg,2014,2.4,Spanish
957,Luxembourg,2013,2.4,Spanish
958,Luxembourg,2012,2.4,Spanish
959,Luxembourg,2011,2.4,Spanish
960,Luxembourg,2010,2.5,Spanish
961,Luxembourg,2009,2.5,Spanish
962,Luxembourg,2008,2.6,Spanish
963,Luxembourg,2007,2.7,Spanish
964,Luxembourg,2006,2.8,Spanish
965,Luxembourg,2005,3.0,Spanish
966,Luxembourg,2004,3.1,Spanish
967,Luxembourg,2003,3.3,Spanish
968,Luxembourg,2002,3.5,Spanish
969,Luxembourg,2001,3.7,Spanish
970,Luxembourg,2000,3.9,Spanish
971,Luxembourg,1999,4.1,Spanish
972,Luxembourg,1998,4.3,Spanish
973,Luxembourg,1997,4.6,Spanish
974,Luxembourg,1996,4.9,Spanish
975,Luxembourg,1995,5.2,Spanish
976,Luxembourg,1994,5.6,Spanish
977,Luxembourg,1993,5.9,Spanish
978,Luxembourg,1992,6.4,Spanish
979,Luxembourg,1991,6.8,Spanish
980,Luxembourg,1990,7.2,Spanish
981,Luxembourg,1989,7.7,Spanish
982,Luxembourg,1988,8.1,Spanish
983,Luxembourg,1987,8.5,Spanish
984,Luxembourg,1986,8.9,Spanish
985,Luxembourg,1985,9.3,Spanish
986,Luxembourg,1984,9.7,Spanish
987,Luxembourg,1983,10.1,Spanish
988,Luxembourg,1982,10.5,Spanish
989,Luxembourg,1981,10.8,Spanish
990,Luxembourg,1980,11.2,Spanish
991,Luxembourg,1979,11.6,Spanish
992,Luxembourg,1978,12.1,Spanish
993,Luxembourg,1977,12.7,Spanish
994,Luxembourg,1976,13.3,Spanish
995,Luxembourg,1975,14.1,Spanish
996,Luxembourg,1974,14.9,Spanish
997,Luxembourg,1973,15.8,Spanish
998,Luxembourg,1972,16.8,Spanish
999,Luxembourg,1971,17.8,Spanish
1001,Italy,2019,2.7,Spanish
1002,Italy,2018,2.8,Spanish
1003,Italy,2017,2.8,Spanish
1004,Italy,2016,2.9,Spanish
1005,Italy,2015,3.0,Spanish
1006,Italy,2014,3.0,Spanish
1007,Italy,2013,3.1,Spanish
1008,Italy,2012,3.2,Spanish
1009,Italy,2011,3.3,Spanish
1010,Italy,2010,3.4,Spanish
1011,Italy,2009,3.4,Spanish
1012,Italy,2008,3.5,Spanish
1013,Italy,2007,3.6,Spanish
1014,Italy,2006,3.7,Spanish
1015,Italy,2005,3.8,Spanish
1016,Italy,2004,3.9,Spanish
1017,Italy,2003,4.1,Spanish
1018,Italy,2002,4.3,Spanish
1019,Italy,2001,4.5,Spanish
1020,Italy,2000,4.7,Spanish
1021,Italy,1999,5.0,Spanish
1022,Italy,1998,5.3,Spanish
1023,Italy,1997,5.6,Spanish
1024,Italy,1996,6.0,Spanish
1025,Italy,1995,6.4,Spanish
1026,Italy,1994,6.8,Spanish
1027,Italy,1993,7.3,Spanish
1028,Italy,1992,7.7,Spanish
1029,Italy,1991,8.0,Spanish
1030,Italy,1990,8.4,Spanish
1031,Italy,1989,8.7,Spanish
1032,Italy,1988,9.0,Spanish
1033,Italy,1987,9.5,Spanish
1034,Italy,1986,9.9,Spanish
1035,Italy,1985,10.5,Spanish
1036,Italy,1984,11.2,Spanish
1037,Italy,1983,11.9,Spanish
1038,Italy,1982,12.6,Spanish
1039,Italy,1981,13.4,Spanish
1040,Italy,1980,14.2,Spanish
1041,Italy,1979,15.1,Spanish
1042,Italy,1978,16.1,Spanish
1043,Italy,1977,17.3,Spanish
1044,Italy,1976,18.8,Spanish
1045,Italy,1975,20.5,Spanish
1046,Italy,1974,22.5,Spanish
1047,Italy,1973,24.5,Spanish
1048,Italy,1972,26.4,Spanish
1049,Italy,1971,28.1,Spanish
1051,Netherlands,2019,3.5,Spanish
1052,Netherlands,2018,3.4,Spanish
1053,Netherlands,2017,3.4,Spanish
1054,Netherlands,2016,3.4,Spanish
1055,Netherlands,2015,3.4,Spanish
1056,Netherlands,2014,3.5,Spanish
1057,Netherlands,2013,3.5,Spanish
1058,Netherlands,2012,3.6,Spanish
1059,Netherlands,2011,3.6,Spanish
1060,Netherlands,2010,3.7,Spanish
1061,Netherlands,2009,3.8,Spanish
1062,Netherlands,2008,4.0,Spanish
1063,Netherlands,2007,4.1,Spanish
1064,Netherlands,2006,4.3,Spanish
1065,Netherlands,2005,4.4,Spanish
1066,Netherlands,2004,4.6,Spanish
1067,Netherlands,2003,4.8,Spanish
1068,Netherlands,2002,4.9,Spanish
1069,Netherlands,2001,5.0,Spanish
1070,Netherlands,2000,5.1,Spanish
1071,Netherlands,1999,5.2,Spanish
1072,Netherlands,1998,5.3,Spanish
1073,Netherlands,1997,5.4,Spanish
1074,Netherlands,1996,5.5,Spanish
1075,Netherlands,1995,5.7,Spanish
1076,Netherlands,1994,5.9,Spanish
1077,Netherlands,1993,6.1,Spanish
1078,Netherlands,1992,6.3,Spanish
1079,Netherlands,1991,6.6,Spanish
1080,Netherlands,1990,6.8,Spanish
1081,Netherlands,1989,7.0,Spanish
1082,Netherlands,1988,7.2,Spanish
1083,Netherlands,1987,7.5,Spanish
1084,Netherlands,1986,7.7,Spanish
1085,Netherlands,1985,7.9,Spanish
1086,Netherlands,1984,8.0,Spanish
1087,Netherlands,1983,8.2,Spanish
1088,Netherlands,1982,8.4,Spanish
1089,Netherlands,1981,8.5,Spanish
1090,Netherlands,1980,8.8,Spanish
1091,Netherlands,1979,9.0,Spanish
1092,Netherlands,1978,9.3,Spanish
1093,Netherlands,1977,9.7,Spanish
1094,Netherlands,1976,10.1,Spanish
1095,Netherlands,1975,10.5,Spanish
1096,Netherlands,1974,10.9,Spanish
1097,Netherlands,1973,11.3,Spanish
1098,Netherlands,1972,11.7,Spanish
1099,Netherlands,1971,12.2,Spanish
1101,Mexico,2019,12.2,Spanish
1102,Mexico,2018,12.6,Spanish
1103,Mexico,2017,13.0,Spanish
1104,Mexico,2016,13.5,Spanish
1105,Mexico,2015,13.9,Spanish
1106,Mexico,2014,14.4,Spanish
1107,Mexico,2013,14.9,Spanish
1108,Mexico,2012,15.3,Spanish
1109,Mexico,2011,15.9,Spanish
1110,Mexico,2010,16.4,Spanish
1111,Mexico,2009,16.9,Spanish
1112,Mexico,2008,17.5,Spanish
1113,Mexico,2007,18.1,Spanish
1114,Mexico,2006,18.7,Spanish
1115,Mexico,2005,19.4,Spanish
1116,Mexico,2004,20.1,Spanish
1117,Mexico,2003,20.9,Spanish
1118,Mexico,2002,21.8,Spanish
1119,Mexico,2001,22.7,Spanish
1120,Mexico,2000,23.6,Spanish
1121,Mexico,1999,24.7,Spanish
1122,Mexico,1998,25.8,Spanish
1123,Mexico,1997,26.9,Spanish
1124,Mexico,1996,28.1,Spanish
1125,Mexico,1995,29.3,Spanish
1126,Mexico,1994,30.6,Spanish
1127,Mexico,1993,31.9,Spanish
1128,Mexico,1992,33.3,Spanish
1129,Mexico,1991,34.7,Spanish
1130,Mexico,1990,36.2,Spanish
1131,Mexico,1989,37.7,Spanish
1132,Mexico,1988,39.3,Spanish
1133,Mexico,1987,40.9,Spanish
1134,Mexico,1986,42.6,Spanish
1135,Mexico,1985,44.4,Spanish
1136,Mexico,1984,46.1,Spanish
1137,Mexico,1983,48.0,Spanish
1138,Mexico,1982,50.0,Spanish
1139,Mexico,1981,52.0,Spanish
1140,Mexico,1980,54.0,Spanish
1141,Mexico,1979,56.1,Spanish
1142,Mexico,1978,58.2,Spanish
1143,Mexico,1977,60.2,Spanish
1144,Mexico,1976,62.4,Spanish
1145,Mexico,1975,64.6,Spanish
1146,Mexico,1974,66.8,Spanish
1147,Mexico,1973,69.0,Spanish
1148,Mexico,1972,71.3,Spanish
1149,Mexico,1971,73.8,Spanish
1151,Peru,2019,10.3,Spanish
1152,Peru,2018,10.7,Spanish
1153,Peru,2017,11.1,Spanish
1154,Peru,2016,11.6,Spanish
1155,Peru,2015,12.2,Spanish
1156,Peru,2014,12.7,Spanish
1157,Peru,2013,13.3,Spanish
1158,Peru,2012,14.0,Spanish
1159,Peru,2011,14.7,Spanish
1160,Peru,2010,15.5,Spanish
1161,Peru,2009,16.3,Spanish
1162,Peru,2008,17.3,Spanish
1163,Peru,2007,18.3,Spanish
1164,Peru,2006,19.5,Spanish
1165,Peru,2005,20.8,Spanish
1166,Peru,2004,22.2,Spanish
1167,Peru,2003,23.7,Spanish
1168,Peru,2002,25.5,Spanish
1169,Peru,2001,27.4,Spanish
1170,Peru,2000,29.5,Spanish
1171,Peru,1999,31.9,Spanish
1172,Peru,1998,34.4,Spanish
1173,Peru,1997,37.1,Spanish
1174,Peru,1996,39.9,Spanish
1175,Peru,1995,42.8,Spanish
1176,Peru,1994,45.7,Spanish
1177,Peru,1993,48.6,Spanish
1178,Peru,1992,51.4,Spanish
1179,Peru,1991,54.1,Spanish
1180,Peru,1990,56.7,Spanish
1181,Peru,1989,59.4,Spanish
1182,Peru,1988,62.1,Spanish
1183,Peru,1987,65.0,Spanish
1184,Peru,1986,68.1,Spanish
1185,Peru,1985,71.3,Spanish
1186,Peru,1984,74.2,Spanish
1187,Peru,1983,76.9,Spanish
1188,Peru,1982,79.3,Spanish
1189,Peru,1981,81.4,Spanish
1190,Peru,1980,83.1,Spanish
1191,Peru,1979,84.7,Spanish
1192,Peru,1978,86.3,Spanish
1193,Peru,1977,88.0,Spanish
1194,Peru,1976,89.8,Spanish
1195,Peru,1975,91.9,Spanish
1196,Peru,1974,94.3,Spanish
1197,Peru,1973,96.8,Spanish
1198,Peru,1972,99.3,Spanish
1199,Peru,1971,101.9,Spanish
1201,Morocco,2019,18.3,Spanish
1202,Morocco,2018,19.1,Spanish
1203,Morocco,2017,19.9,Spanish
1204,Morocco,2016,20.7,Spanish
1205,Morocco,2015,21.7,Spanish
1206,Morocco,2014,22.7,Spanish
1207,Morocco,2013,23.8,Spanish
1208,Morocco,2012,24.9,Spanish
1209,Morocco,2011,26.1,Spanish
1210,Morocco,2010,27.3,Spanish
1211,Morocco,2009,28.5,Spanish
1212,Morocco,2008,29.8,Spanish
1213,Morocco,2007,31.1,Spanish
1214,Morocco,2006,32.4,Spanish
1215,Morocco,2005,33.9,Spanish
1216,Morocco,2004,35.3,Spanish
1217,Morocco,2003,36.8,Spanish
1218,Morocco,2002,38.4,Spanish
1219,Morocco,2001,40.0,Spanish
1220,Morocco,2000,41.7,Spanish
1221,Morocco,1999,43.5,Spanish
1222,Morocco,1998,45.3,Spanish
1223,Morocco,1997,47.2,Spanish
1224,Morocco,1996,49.2,Spanish
1225,Morocco,1995,51.3,Spanish
1226,Morocco,1994,53.5,Spanish
1227,Morocco,1993,55.6,Spanish
1228,Morocco,1992,57.9,Spanish
1229,Morocco,1991,60.1,Spanish
1230,Morocco,1990,62.5,Spanish
1231,Morocco,1989,64.9,Spanish
1232,Morocco,1988,67.6,Spanish
1233,Morocco,1987,70.4,Spanish
1234,Morocco,1986,73.4,Spanish
1235,Morocco,1985,76.5,Spanish
1236,Morocco,1984,79.8,Spanish
1237,Morocco,1983,83.2,Spanish
1238,Morocco,1982,86.5,Spanish
1239,Morocco,1981,89.9,Spanish
1240,Morocco,1980,93.3,Spanish
1241,Morocco,1979,96.6,Spanish
1242,Morocco,1978,100.0,Spanish
1243,Morocco,1977,103.3,Spanish
1244,Morocco,1976,106.3,Spanish
1245,Morocco,1975,109.2,Spanish
1246,Morocco,1974,111.7,Spanish
1247,Morocco,1973,114.0,Spanish
1248,Morocco,1972,116.1,Spanish
1249,Morocco,1971,118.2,Spanish
1251,Argentina,2019,8.2,Spanish
1252,Argentina,2018,8.7,Spanish
1253,Argentina,2017,9.2,Spanish
1254,Argentina,2016,9.7,Spanish
1255,Argentina,2015,10.2,Spanish
1256,Argentina,2014,10.8,Spanish
1257,Argentina,2013,11.3,Spanish
1258,Argentina,2012,11.9,Spanish
1259,Argentina,2011,12.4,Spanish
1260,Argentina,2010,12.9,Spanish
1261,Argentina,2009,13.3,Spanish
1262,Argentina,2008,13.7,Spanish
1263,Argentina,2007,14.0,Spanish
1264,Argentina,2006,14.4,Spanish
1265,Argentina,2005,14.8,Spanish
1266,Argentina,2004,15.3,Spanish
1267,Argentina,2003,15.8,Spanish
1268,Argentina,2002,16.4,Spanish
1269,Argentina,2001,16.9,Spanish
1270,Argentina,2000,17.5,Spanish
1271,Argentina,1999,18.2,Spanish
1272,Argentina,1998,18.9,Spanish
1273,Argentina,1997,19.7,Spanish
1274,Argentina,1996,20.5,Spanish
1275,Argentina,1995,21.4,Spanish
1276,Argentina,1994,22.4,Spanish
1277,Argentina,1993,23.4,Spanish
1278,Argentina,1992,24.2,Spanish
1279,Argentina,1991,24.9,Spanish
1280,Argentina,1990,25.3,Spanish
1281,Argentina,1989,25.5,Spanish
1282,Argentina,1988,25.6,Spanish
1283,Argentina,1987,25.7,Spanish
1284,Argentina,1986,26.1,Spanish
1285,Argentina,1985,27.0,Spanish
1286,Argentina,1984,28.2,Spanish
1287,Argentina,1983,29.8,Spanish
1288,Argentina,1982,31.9,Spanish
1289,Argentina,1981,34.2,Spanish
1290,Argentina,1980,37.0,Spanish
1291,Argentina,1979,40.1,Spanish
1292,Argentina,1978,43.6,Spanish
1293,Argentina,1977,47.0,Spanish
1294,Argentina,1976,50.2,Spanish
1295,Argentina,1975,52.7,Spanish
1296,Argentina,1974,54.8,Spanish
1297,Argentina,1973,56.3,Spanish
1298,Argentina,1972,57.4,Spanish
1299,Argentina,1971,58.3,Spanish
1301,Guatemala,2019,20.7,Spanish
1302,Guatemala,2018,21.4,Spanish
1303,Guatemala,2017,22.1,Spanish
1304,Guatemala,2016,22.9,Spanish
1305,Guatemala,2015,23.7,Spanish
1306,Guatemala,2014,24.6,Spanish
1307,Guatemala,2013,25.5,Spanish
1308,Guatemala,2012,26.5,Spanish
1309,Guatemala,2011,27.5,Spanish
1310,Guatemala,2010,28.5,Spanish
1311,Guatemala,2009,29.6,Spanish
1312,Guatemala,2008,30.7,Spanish
1313,Guatemala,2007,31.9,Spanish
1314,Guatemala,2006,33.1,Spanish
1315,Guatemala,2005,34.2,Spanish
1316,Guatemala,2004,35.5,Spanish
1317,Guatemala,2003,36.7,Spanish
1318,Guatemala,2002,38.0,Spanish
1319,Guatemala,2001,39.4,Spanish
1320,Guatemala,2000,40.8,Spanish
1321,Guatemala,1999,42.3,Spanish
1322,Guatemala,1998,43.9,Spanish
1323,Guatemala,1997,45.5,Spanish
1324,Guatemala,1996,47.2,Spanish
1325,Guatemala,1995,49.0,Spanish
1326,Guatemala,1994,50.9,Spanish
1327,Guatemala,1993,52.9,Spanish
1328,Guatemala,1992,54.9,Spanish
1329,Guatemala,1991,57.1,Spanish
1330,Guatemala,1990,59.3,Spanish
1331,Guatemala,1989,61.6,Spanish
1332,Guatemala,1988,64.1,Spanish
1333,Guatemala,1987,66.6,Spanish
1334,Guatemala,1986,69.1,Spanish
1335,Guatemala,1985,71.8,Spanish
1336,Guatemala,1984,74.6,Spanish
1337,Guatemala,1983,77.3,Spanish
1338,Guatemala,1982,80.1,Spanish
1339,Guatemala,1981,82.9,Spanish
1340,Guatemala,1980,85.7,Spanish
1341,Guatemala,1979,88.6,Spanish
1342,Guatemala,1978,91.5,Spanish
1343,Guatemala,1977,94.5,Spanish
1344,Guatemala,1976,97.5,Spanish
1345,Guatemala,1975,100.6,Spanish
1346,Guatemala,1974,103.6,Spanish
1347,Guatemala,1973,106.7,Spanish
1348,Guatemala,1972,109.8,Spanish
1349,Guatemala,1971,112.9,Spanish
