country,year,value,category
Russian Federation,2019,4.9,Russian
Russian Federation,2018,5.4,Russian
Russian Federation,2017,5.9,Russian
Russian Federation,2016,6.5,Russian
Russian Federation,2015,7,Russian
Russian Federation,2014,7.6,Russian
Russian Federation,2013,8.1,Russian
Russian Federation,2012,8.4,Russian
Russian Federation,2011,8.699999999999999,Russian
Russian Federation,2010,8.9,Russian
Russian Federation,2009,9.199999999999999,Russian
Russian Federation,2008,9.6,Russian
Russian Federation,2007,10.2,Russian
Russian Federation,2006,11,Russian
Russian Federation,2005,11.9,Russian
Russian Federation,2004,12.8,Russian
Russian Federation,2003,13.8,Russian
Russian Federation,2002,14.8,Russian
Russian Federation,2001,15.7,Russian
Russian Federation,2000,16.5,Russian
Russian Federation,1999,17.1,Russian
Russian Federation,1998,17.7,Russian
Russian Federation,1997,18.1,Russian
Russian Federation,1996,18.4,Russian
Russian Federation,1995,18.6,Russian
Russian Federation,1994,18.6,Russian
Russian Federation,1993,18.6,Russian
Russian Federation,1992,18.5,Russian
Russian Federation,1991,18.3,Russian
Russian Federation,1990,18.4,Russian
Russian Federation,1989,18.7,Russian
Russian Federation,1988,19.2,Russian
Russian Federation,1987,19.9,Russian
Russian Federation,1986,20.5,Russian
Russian Federation,1985,21.1,Russian
Russian Federation,1984,21.6,Russian
Russian Federation,1983,22,Russian
Russian Federation,1982,22.4,Russian
Russian Federation,1981,22.8,Russian
Russian Federation,1980,23.2,Russian
Russian Federation,1979,23.6,Russian
Russian Federation,1978,24,Russian
Russian Federation,1977,24.5,Russian
Russian Federation,1976,25.1,Russian
Russian Federation,1975,25.8,Russian
Russian Federation,1974,26.6,Russian
Russian Federation,1973,27.6,Russian
Russian Federation,1972,28.8,Russian
Russian Federation,1971,29.9,Russian
Estonia,2019,1.9,Russian
Estonia,2018,2,Russian
Estonia,2017,2.1,Russian
Estonia,2016,2.3,Russian
Estonia,2015,2.5,Russian
Estonia,2014,2.6,Russian
Estonia,2013,2.8,Russian
Estonia,2012,3.1,Russian
Estonia,2011,3.3,Russian
Estonia,2010,3.6,Russian
Estonia,2009,3.9,Russian
Estonia,2008,4.3,Russian
Estonia,2007,4.7,Russian
Estonia,2006,5.1,Russian
Estonia,2005,5.6,Russian
Estonia,2004,6.1,Russian
Estonia,2003,6.7,Russian
Estonia,2002,7.3,Russian
Estonia,2001,8,Russian
Estonia,2000,8.699999999999999,Russian
Estonia,1999,9.4,Russian
Estonia,1998,10.1,Russian
Estonia,1997,10.9,Russian
Estonia,1996,11.7,Russian
Estonia,1995,12.4,Russian
Estonia,1994,13,Russian
Estonia,1993,13.4,Russian
Estonia,1992,13.7,Russian
Estonia,1991,13.9,Russian
Estonia,1990,14,Russian
Estonia,1989,14.1,Russian
Estonia,1988,14.3,Russian
Estonia,1987,14.5,Russian
Estonia,1986,14.7,Russian
Estonia,1985,15.1,Russian
Estonia,1984,15.4,Russian
Estonia,1983,15.9,Russian
Estonia,1982,16.5,Russian
Estonia,1981,17.1,Russian
Estonia,1980,17.8,Russian
Latvia,2019,3.1,Russian
Latvia,2018,3.3,Russian
Latvia,2017,3.6,Russian
Latvia,2016,3.9,Russian
Latvia,2015,4.2,Russian
Latvia,2014,4.6,Russian
Latvia,2013,5.1,Russian
Latvia,2012,5.6,Russian
Latvia,2011,6.1,Russian
Latvia,2010,6.5,Russian
Latvia,2009,7,Russian
Latvia,2008,7.3,Russian
Latvia,2007,7.7,Russian
Latvia,2006,8.1,Russian
Latvia,2005,8.6,Russian
Latvia,2004,9.199999999999999,Russian
Latvia,2003,9.699999999999999,Russian
Latvia,2002,10.2,Russian
Latvia,2001,10.8,Russian
Latvia,2000,11.5,Russian
Latvia,1999,12.4,Russian
Latvia,1998,13.4,Russian
Latvia,1997,14.3,Russian
Latvia,1996,15.2,Russian
Latvia,1995,15.7,Russian
Latvia,1994,15.8,Russian
Latvia,1993,15.7,Russian
Latvia,1992,15.1,Russian
Latvia,1991,14.3,Russian
Latvia,1990,13.2,Russian
Latvia,1989,12.2,Russian
Latvia,1988,11.7,Russian
Latvia,1987,11.8,Russian
Latvia,1986,12.4,Russian
Latvia,1985,13.2,Russian
Latvia,1984,14.1,Russian
Latvia,1983,14.7,Russian
Latvia,1982,15.1,Russian
Latvia,1981,15.3,Russian
Latvia,1980,15.3,Russian
Latvia,1979,15.3,Russian
Lithuania,2019,3,Russian
Lithuania,2018,3.3,Russian
Lithuania,2017,3.6,Russian
Lithuania,2016,3.9,Russian
Lithuania,2015,4,Russian
Lithuania,2014,4,Russian
Lithuania,2013,4.1,Russian
Lithuania,2012,4.2,Russian
Lithuania,2011,4.5,Russian
Lithuania,2010,4.9,Russian
Lithuania,2009,5.4,Russian
Lithuania,2008,5.9,Russian
Lithuania,2007,6.5,Russian
Lithuania,2006,6.9,Russian
Lithuania,2005,7.3,Russian
Lithuania,2004,7.5,Russian
Lithuania,2003,7.6,Russian
Lithuania,2002,7.9,Russian
Lithuania,2001,8.199999999999999,Russian
Lithuania,2000,8.6,Russian
Lithuania,1999,8.9,Russian
Lithuania,1998,9.300000000000001,Russian
Lithuania,1997,9.800000000000001,Russian
Lithuania,1996,10.7,Russian
Lithuania,1995,11.9,Russian
Lithuania,1994,13.4,Russian
Lithuania,1993,14.5,Russian
Lithuania,1992,14.2,Russian
Lithuania,1991,13,Russian
Lithuania,1990,11.9,Russian
Lithuania,1989,11.3,Russian
Lithuania,1988,11.4,Russian
Lithuania,1987,11.9,Russian
Lithuania,1986,12.8,Russian
Lithuania,1985,13.7,Russian
Lithuania,1984,14.3,Russian
Lithuania,1983,14.8,Russian
Lithuania,1982,15.1,Russian
Lithuania,1981,15.5,Russian
Lithuania,1980,16,Russian
Lithuania,1979,16.6,Russian
Lithuania,1978,17.2,Russian
Lithuania,1977,17.6,Russian
Lithuania,1976,17.8,Russian
Lithuania,1975,17.7,Russian
Lithuania,1974,17.3,Russian
Lithuania,1973,16.9,Russian
Lithuania,1972,16.7,Russian
Lithuania,1971,17,Russian
Belarus,2019,2.4,Russian
Belarus,2018,2.6,Russian
Belarus,2017,2.7,Russian
Belarus,2016,2.9,Russian
Belarus,2015,3,Russian
Belarus,2014,3.2,Russian
Belarus,2013,3.4,Russian
Belarus,2012,3.6,Russian
Belarus,2011,3.9,Russian
Belarus,2010,4.2,Russian
Belarus,2009,4.6,Russian
Belarus,2008,5,Russian
Belarus,2007,5.5,Russian
Belarus,2006,6,Russian
Belarus,2005,6.5,Russian
Belarus,2004,7.1,Russian
Belarus,2003,7.7,Russian
Belarus,2002,8.4,Russian
Belarus,2001,9.1,Russian
Belarus,2000,9.9,Russian
Belarus,1999,10.7,Russian
Belarus,1998,11.3,Russian
Belarus,1997,11.8,Russian
Belarus,1996,12.2,Russian
Belarus,1995,12.4,Russian
Belarus,1994,12.4,Russian
Belarus,1993,12.3,Russian
Belarus,1992,12.2,Russian
Belarus,1991,12.1,Russian
Belarus,1990,12.2,Russian
Belarus,1989,12.3,Russian
Belarus,1988,12.7,Russian
Belarus,1987,13.2,Russian
Belarus,1986,13.7,Russian
Belarus,1985,14.2,Russian
Belarus,1984,14.7,Russian
Belarus,1983,15.2,Russian
Belarus,1982,15.8,Russian
Belarus,1981,16.5,Russian
Belarus,1980,17.2,Russian
Ukraine,2019,7.2,Russian
Ukraine,2018,7.4,Russian
Ukraine,2017,7.6,Russian
Ukraine,2016,7.9,Russian
Ukraine,2015,8.1,Russian
Ukraine,2014,8.4,Russian
Ukraine,2013,8.800000000000001,Russian
Ukraine,2012,9.199999999999999,Russian
Ukraine,2011,9.6,Russian
Ukraine,2010,10.1,Russian
Ukraine,2009,10.6,Russian
Ukraine,2008,11.1,Russian
Ukraine,2007,11.5,Russian
Ukraine,2006,12,Russian
Ukraine,2005,12.5,Russian
Ukraine,2004,13.1,Russian
Ukraine,2003,13.7,Russian
Ukraine,2002,14.3,Russian
Ukraine,2001,15,Russian
Ukraine,2000,15.7,Russian
Ukraine,1999,16.3,Russian
Ukraine,1998,16.9,Russian
Ukraine,1997,17.2,Russian
Ukraine,1996,17.3,Russian
Ukraine,1995,17.3,Russian
Ukraine,1994,17.1,Russian
Ukraine,1993,16.9,Russian
Ukraine,1992,16.6,Russian
Ukraine,1991,16.5,Russian
Ukraine,1990,16.6,Russian
Ukraine,1989,16.8,Russian
Ukraine,1988,17.1,Russian
Ukraine,1987,17.6,Russian
Ukraine,1986,18.3,Russian
Ukraine,1985,19,Russian
Ukraine,1984,19.7,Russian
Ukraine,1983,20.5,Russian
Ukraine,1982,21.2,Russian
Ukraine,1981,21.9,Russian
Ukraine,1980,22.5,Russian
Ukraine,1979,23.1,Russian
Ukraine,1978,23.5,Russian
Ukraine,1977,23.9,Russian
Ukraine,1976,24.3,Russian
Ukraine,1975,24.9,Russian
Ukraine,1974,25.5,Russian
Ukraine,1973,26.2,Russian
Ukraine,1972,27,Russian
Ukraine,1971,27.9,Russian
Armenia,2019,10.5,Russian
Armenia,2018,11,Russian
Armenia,2017,11.6,Russian
Armenia,2016,12.2,Russian
Armenia,2015,12.8,Russian
Armenia,2014,13.5,Russian
Armenia,2013,14.2,Russian
Armenia,2012,14.9,Russian
Armenia,2011,15.7,Russian
Armenia,2010,16.5,Russian
Armenia,2009,17.4,Russian
Armenia,2008,18.3,Russian
Armenia,2007,19.2,Russian
Armenia,2006,20.2,Russian
Armenia,2005,21.3,Russian
Armenia,2004,22.3,Russian
Armenia,2003,23.5,Russian
Armenia,2002,24.6,Russian
Armenia,2001,25.8,Russian
Armenia,2000,27,Russian
Armenia,1999,28.3,Russian
Armenia,1998,29.6,Russian
Armenia,1997,30.9,Russian
Armenia,1996,32.4,Russian
Armenia,1995,33.8,Russian
Armenia,1994,35.3,Russian
Armenia,1993,36.9,Russian
Armenia,1992,38.5,Russian
Armenia,1991,40.1,Russian
Armenia,1990,41.7,Russian
Armenia,1989,43.4,Russian
Armenia,1988,48.9,Russian
Armenia,1987,46.7,Russian
Armenia,1986,48.4,Russian
Armenia,1985,50.2,Russian
Armenia,1984,52,Russian
Armenia,1983,53.9,Russian
Armenia,1982,55.8,Russian
Armenia,1981,57.8,Russian
Armenia,1980,59.9,Russian
Armenia,1979,62.2,Russian
Armenia,1978,64.5,Russian
Armenia,1977,67,Russian
Armenia,1976,69.5,Russian
Kyrgyz Republic,2019,16.4,Russian
Kyrgyz Republic,2018,17.1,Russian
Kyrgyz Republic,2017,18,Russian
Kyrgyz Republic,2016,18.9,Russian
Kyrgyz Republic,2015,19.9,Russian
Kyrgyz Republic,2014,20.9,Russian
Kyrgyz Republic,2013,22,Russian
Kyrgyz Republic,2012,23.2,Russian
Kyrgyz Republic,2011,24.5,Russian
Kyrgyz Republic,2010,26.1,Russian
Kyrgyz Republic,2009,27.8,Russian
Kyrgyz Republic,2008,29.6,Russian
Kyrgyz Republic,2007,31.2,Russian
Kyrgyz Republic,2006,32.7,Russian
Kyrgyz Republic,2005,34.1,Russian
Kyrgyz Republic,2004,35.6,Russian
Kyrgyz Republic,2003,37.2,Russian
Kyrgyz Republic,2002,38.8,Russian
Kyrgyz Republic,2001,40.6,Russian
Kyrgyz Republic,2000,42.4,Russian
Kyrgyz Republic,1999,44.4,Russian
Kyrgyz Republic,1998,46.3,Russian
Kyrgyz Republic,1997,48.4,Russian
Kyrgyz Republic,1996,50.4,Russian
Kyrgyz Republic,1995,52.1,Russian
Kyrgyz Republic,1994,53.3,Russian
Kyrgyz Republic,1993,54,Russian
Kyrgyz Republic,1992,54,Russian
Kyrgyz Republic,1991,53.8,Russian
Kyrgyz Republic,1990,54,Russian
Kyrgyz Republic,1989,55,Russian
Kyrgyz Republic,1988,56.7,Russian
Kyrgyz Republic,1987,59,Russian
Kyrgyz Republic,1986,61.8,Russian
Kyrgyz Republic,1985,64.7,Russian
Kyrgyz Republic,1984,67.8,Russian
Kyrgyz Republic,1983,70.8,Russian
Kyrgyz Republic,1982,73.7,Russian
Kyrgyz Republic,1981,76.40000000000001,Russian
Kyrgyz Republic,1980,78.90000000000001,Russian
Kyrgyz Republic,1979,81,Russian
Kyrgyz Republic,1978,83,Russian
Kyrgyz Republic,1977,85,Russian
Kyrgyz Republic,1976,86.7,Russian
Kyrgyz Republic,1975,88.5,Russian
Georgia,2019,8.5,Russian
Georgia,2018,8.699999999999999,Russian
Georgia,2017,8.9,Russian
Georgia,2016,9.1,Russian
Georgia,2015,9.4,Russian
Georgia,2014,9.699999999999999,Russian
Georgia,2013,10.2,Russian
Georgia,2012,10.8,Russian
Georgia,2011,11.6,Russian
Georgia,2010,12.7,Russian
Georgia,2009,13.9,Russian
Georgia,2008,15.4,Russian
Georgia,2007,17.1,Russian
Georgia,2006,18.9,Russian
Georgia,2005,21,Russian
Georgia,2004,23.2,Russian
Georgia,2003,25.5,Russian
Georgia,2002,27.7,Russian
Georgia,2001,29.9,Russian
Georgia,2000,31.9,Russian
Georgia,1999,33.8,Russian
Georgia,1998,35.4,Russian
Georgia,1997,36.8,Russian
Georgia,1996,37.9,Russian
Georgia,1995,38.8,Russian
Georgia,1994,39.5,Russian
Georgia,1993,40,Russian
Georgia,1992,40.3,Russian
Georgia,1991,40.6,Russian
Georgia,1990,40.9,Russian
Georgia,1989,41.1,Russian
Georgia,1988,41.4,Russian
Georgia,1987,41.7,Russian
Georgia,1986,42.2,Russian
Georgia,1985,42.9,Russian
Georgia,1984,43.9,Russian
Georgia,1983,45,Russian
Georgia,1982,46.3,Russian
Georgia,1981,47.9,Russian
Georgia,1980,49.5,Russian
Georgia,1979,51.2,Russian
Georgia,1978,52.9,Russian
Georgia,1977,54.6,Russian
Georgia,1976,56.4,Russian
Georgia,1975,58.3,Russian
United Kingdom,2019,3.7,British
United Kingdom,2018,3.7,British
United Kingdom,2017,3.8,British
United Kingdom,2016,3.8,British
United Kingdom,2015,3.8,British
United Kingdom,2014,3.9,British
United Kingdom,2013,4,British
United Kingdom,2012,4.1,British
United Kingdom,2011,4.3,British
United Kingdom,2010,4.4,British
United Kingdom,2009,4.6,British
United Kingdom,2008,4.8,British
United Kingdom,2007,4.9,British
United Kingdom,2006,5,British
United Kingdom,2005,5.1,British
United Kingdom,2004,5.2,British
United Kingdom,2003,5.3,British
United Kingdom,2002,5.4,British
United Kingdom,2001,5.5,British
United Kingdom,2000,5.6,British
United Kingdom,1999,5.7,British
United Kingdom,1998,5.8,British
United Kingdom,1997,5.9,British
United Kingdom,1996,6,British
United Kingdom,1995,6.1,British
United Kingdom,1994,6.3,British
United Kingdom,1993,6.6,British
United Kingdom,1992,6.9,British
United Kingdom,1991,7.4,British
United Kingdom,1990,7.9,British
United Kingdom,1989,8.4,British
United Kingdom,1988,8.800000000000001,British
United Kingdom,1987,9.199999999999999,British
United Kingdom,1986,9.4,British
United Kingdom,1985,9.699999999999999,British
United Kingdom,1984,10,British
United Kingdom,1983,10.4,British
United Kingdom,1982,10.8,British
United Kingdom,1981,11.4,British
United Kingdom,1980,12.1,British
United Kingdom,1979,12.7,British
United Kingdom,1978,13.4,British
United Kingdom,1977,14.1,British
United Kingdom,1976,14.7,British
United Kingdom,1975,15.4,British
United Kingdom,1974,16,British
United Kingdom,1973,16.6,British
United Kingdom,1972,17.2,British
United Kingdom,1971,17.6,British
Malta,2019,6.1,British
Malta,2018,6.1,British
Malta,2017,6.2,British
Malta,2016,6.1,British
Malta,2015,6.1,British
Malta,2014,6.1,British
Malta,2013,6,British
Malta,2012,6,British
Malta,2011,6,British
Malta,2010,5.9,British
Malta,2009,5.9,British
Malta,2008,5.9,British
Malta,2007,5.9,British
Malta,2006,5.9,British
Malta,2005,6,British
Malta,2004,6,British
Malta,2003,6.1,British
Malta,2002,6.3,British
Malta,2001,6.4,British
Malta,2000,6.7,British
Malta,1999,6.9,British
Malta,1998,7.2,British
Malta,1997,7.5,British
Malta,1996,7.9,British
Malta,1995,8.300000000000001,British
Malta,1994,8.6,British
Malta,1993,9,British
Malta,1992,9.300000000000001,British
Malta,1991,9.699999999999999,British
Malta,1990,10,British
Malta,1989,10.4,British
Malta,1988,10.8,British
Malta,1987,11.3,British
Malta,1986,11.8,British
Malta,1985,12.3,British
Malta,1984,12.8,British
Malta,1983,13.4,British
Malta,1982,13.9,British
Malta,1981,14.4,British
Malta,1980,15,British
Malta,1979,15.6,British
Malta,1978,16.3,British
Malta,1977,17.1,British
Malta,1976,18,British
Malta,1975,19,British
Malta,1974,20.1,British
Malta,1973,21.3,British
Malta,1972,22.5,British
Malta,1971,23.6,British
Singapore,2019,2.1,British
Singapore,2018,2.1,British
Singapore,2017,2.1,British
Singapore,2016,2.2,British
Singapore,2015,2.2,British
Singapore,2014,2.2,British
Singapore,2013,2.2,British
Singapore,2012,2.2,British
Singapore,2011,2.2,British
Singapore,2010,2.2,British
Singapore,2009,2.2,British
Singapore,2008,2.2,British
Singapore,2007,2.2,British
Singapore,2006,2.3,British
Singapore,2005,2.3,British
Singapore,2004,2.4,British
Singapore,2003,2.5,British
Singapore,2002,2.6,British
Singapore,2001,2.8,British
Singapore,2000,3,British
Singapore,1999,3.2,British
Singapore,1998,3.4,British
Singapore,1997,3.6,British
Singapore,1996,3.8,British
Singapore,1995,4,British
Singapore,1994,4.2,British
Singapore,1993,4.6,British
Singapore,1992,5,British
Singapore,1991,5.5,British
Singapore,1990,6.1,British
Singapore,1989,6.8,British
Singapore,1988,7.3,British
Singapore,1987,7.9,British
Singapore,1986,8.300000000000001,British
Singapore,1985,8.800000000000001,British
Singapore,1984,9.300000000000001,British
Singapore,1983,9.9,British
Singapore,1982,10.7,British
Singapore,1981,11.5,British
Singapore,1980,12,British
Singapore,1979,12.2,British
Singapore,1978,12.3,British
Singapore,1977,12.4,British
Singapore,1976,12.9,British
Singapore,1975,14,British
Singapore,1974,15.8,British
Singapore,1973,17.8,British
Singapore,1972,19.5,British
Singapore,1971,20.7,British
Ireland,2019,2.8,British
Ireland,2018,2.9,British
Ireland,2017,3,British
Ireland,2016,3.1,British
Ireland,2015,3.2,British
Ireland,2014,3.3,British
Ireland,2013,3.3,British
Ireland,2012,3.4,British
Ireland,2011,3.5,British
Ireland,2010,3.5,British
Ireland,2009,3.6,British
Ireland,2008,3.8,British
Ireland,2007,3.9,British
Ireland,2006,4.1,British
Ireland,2005,4.4,British
Ireland,2004,4.7,British
Ireland,2003,5.1,British
Ireland,2002,5.4,British
Ireland,2001,5.8,British
Ireland,2000,6,British
Ireland,1999,6.1,British
Ireland,1998,6.1,British
Ireland,1997,6.1,British
Ireland,1996,6.1,British
Ireland,1995,6.1,British
Ireland,1994,6.2,British
Ireland,1993,6.4,British
Ireland,1992,6.8,British
Ireland,1991,7.2,British
Ireland,1990,7.6,British
Ireland,1989,8,British
Ireland,1988,8.300000000000001,British
Ireland,1987,8.4,British
Ireland,1986,8.6,British
Ireland,1985,8.9,British
Ireland,1984,9.300000000000001,British
Ireland,1983,9.699999999999999,British
Ireland,1982,10.3,British
Ireland,1981,11,British
Ireland,1980,12,British
Ireland,1979,13,British
Ireland,1978,14.2,British
Ireland,1977,15.2,British
Ireland,1976,16.1,British
Ireland,1975,16.9,British
Ireland,1974,17.5,British
Ireland,1973,17.9,British
Ireland,1972,18.3,British
Ireland,1971,18.6,British
India,2019,28.3,British
India,2018,29.7,British
India,2017,31.4,British
India,2016,33.1,British
India,2015,34.9,British
India,2014,36.9,British
India,2013,38.8,British
India,2012,40.9,British
India,2011,43,British
India,2010,45.1,British
India,2009,47.3,British
India,2008,49.4,British
India,2007,51.6,British
India,2006,53.7,British
India,2005,55.7,British
India,2004,57.8,British
India,2003,60,British
India,2002,62.2,British
India,2001,64.40000000000001,British
India,2000,66.7,British
India,1999,69,British
India,1998,71.3,British
India,1997,73.59999999999999,British
India,1996,75.8,British
India,1995,78,British
India,1994,80.09999999999999,British
India,1993,82.2,British
India,1992,84.3,British
India,1991,86.40000000000001,British
India,1990,88.59999999999999,British
India,1989,90.90000000000001,British
India,1988,93.40000000000001,British
India,1987,95.90000000000001,British
India,1986,98.40000000000001,British
India,1985,100.8,British
India,1984,103.2,British
India,1983,105.8,British
India,1982,108.5,British
India,1981,111.4,British
India,1980,114.5,British
India,1979,117.8,British
India,1978,121.1,British
India,1977,124.6,British
India,1976,127.9,British
India,1975,131,British
India,1974,133.8,British
India,1973,136.3,British
India,1972,138.6,British
India,1971,140.6,British
Malaysia,2019,7.3,British
Malaysia,2018,7.2,British
Malaysia,2017,7.1,British
Malaysia,2016,7,British
Malaysia,2015,6.9,British
Malaysia,2014,6.8,British
Malaysia,2013,6.8,British
Malaysia,2012,6.8,British
Malaysia,2011,6.8,British
Malaysia,2010,6.9,British
Malaysia,2009,6.9,British
Malaysia,2008,6.9,British
Malaysia,2007,6.9,British
Malaysia,2006,7,British
Malaysia,2005,7,British
Malaysia,2004,7.1,British
Malaysia,2003,7.3,British
Malaysia,2002,7.6,British
Malaysia,2001,8.1,British
Malaysia,2000,8.699999999999999,British
Malaysia,1999,9.4,British
Malaysia,1998,10.1,British
Malaysia,1997,10.6,British
Malaysia,1996,11.1,British
Malaysia,1995,11.5,British
Malaysia,1994,11.9,British
Malaysia,1993,12.4,British
Malaysia,1992,13,British
Malaysia,1991,13.6,British
Malaysia,1990,14.2,British
Malaysia,1989,14.9,British
Malaysia,1988,15.6,British
Malaysia,1987,16.5,British
Malaysia,1986,17.4,British
Malaysia,1985,18.4,British
Malaysia,1984,19.5,British
Malaysia,1983,20.7,British
Malaysia,1982,22.1,British
Malaysia,1981,23.6,British
Malaysia,1980,25.2,British
Malaysia,1979,26.9,British
Malaysia,1978,28.7,British
Malaysia,1977,30.5,British
Malaysia,1976,32.4,British
Malaysia,1975,34.2,British
Malaysia,1974,35.9,British
Malaysia,1973,37.5,British
Malaysia,1972,39.1,British
Malaysia,1971,40.4,British
South Africa,2019,27.5,British
South Africa,2018,27.8,British
South Africa,2017,28.2,British
South Africa,2016,28.2,British
South Africa,2015,28.5,British
South Africa,2014,29,British
South Africa,2013,29.2,British
South Africa,2012,29.8,British
South Africa,2011,30.5,British
South Africa,2010,32.5,British
South Africa,2009,36.5,British
South Africa,2008,41.2,British
South Africa,2007,45,British
South Africa,2006,47.5,British
South Africa,2005,48.2,British
South Africa,2004,48.3,British
South Africa,2003,47.2,British
South Africa,2002,46.7,British
South Africa,2001,46.6,British
South Africa,2000,46.3,British
South Africa,1999,46,British
South Africa,1998,45.3,British
South Africa,1997,44.9,British
South Africa,1996,44.4,British
South Africa,1995,43.8,British
South Africa,1994,43.2,British
South Africa,1993,42.9,British
South Africa,1992,42.9,British
South Africa,1991,43.5,British
South Africa,1990,44.5,British
South Africa,1989,45.8,British
South Africa,1988,47.5,British
South Africa,1987,49.4,British
South Africa,1986,51.4,British
South Africa,1985,53.6,British
South Africa,1984,55.9,British
South Africa,1983,58.4,British
South Africa,1982,61.1,British
South Africa,1981,63.9,British
South Africa,1980,67,British
South Africa,1979,70.2,British
South Africa,1978,73.8,British
South Africa,1977,77.5,British
South Africa,1976,81.5,British
South Africa,1975,85.7,British
South Africa,1974,90.09999999999999,British
Fiji,2019,21.7,British
Fiji,2018,21.6,British
Fiji,2017,21.3,British
Fiji,2016,20.9,British
Fiji,2015,20.6,British
Fiji,2014,20.3,British
Fiji,2013,20.1,British
Fiji,2012,20,British
Fiji,2011,20,British
Fiji,2010,20.1,British
Fiji,2009,20.1,British
Fiji,2008,20.1,British
Fiji,2007,20,British
Fiji,2006,19.8,British
Fiji,2005,19.5,British
Fiji,2004,19.3,British
Fiji,2003,19.1,British
Fiji,2002,19,British
Fiji,2001,19.1,British
Fiji,2000,19.3,British
Fiji,1999,19.6,British
Fiji,1998,19.9,British
Fiji,1997,20.2,British
Fiji,1996,20.5,British
Fiji,1995,20.9,British
Fiji,1994,21.4,British
Fiji,1993,21.9,British
Fiji,1992,22.6,British
Fiji,1991,23.3,British
Fiji,1990,24.2,British
Fiji,1989,25.1,British
Fiji,1988,25.9,British
Fiji,1987,26.8,British
Fiji,1986,27.8,British
Fiji,1985,28.8,British
Fiji,1984,29.9,British
Fiji,1983,31.1,British
Fiji,1982,32.5,British
Fiji,1981,33.9,British
Fiji,1980,35.5,British
Fiji,1979,37.1,British
Fiji,1978,38.6,British
Fiji,1977,40,British
Fiji,1976,41.2,British
Fiji,1975,42.1,British
Fiji,1974,42.9,British
Fiji,1973,43.5,British
Fiji,1972,43.9,British
Fiji,1971,44.3,British
"Egypt, Arab Rep.",2019,17.3,British
"Egypt, Arab Rep.",2018,17.9,British
"Egypt, Arab Rep.",2017,18.5,British
"Egypt, Arab Rep.",2016,19.2,British
"Egypt, Arab Rep.",2015,19.9,British
"Egypt, Arab Rep.",2014,20.6,British
"Egypt, Arab Rep.",2013,21.4,British
"Egypt, Arab Rep.",2012,22.2,British
"Egypt, Arab Rep.",2011,23.1,British
"Egypt, Arab Rep.",2010,24.1,British
"Egypt, Arab Rep.",2009,25.1,British
"Egypt, Arab Rep.",2008,26.1,British
"Egypt, Arab Rep.",2007,27.1,British
"Egypt, Arab Rep.",2006,28.2,British
"Egypt, Arab Rep.",2005,29.4,British
"Egypt, Arab Rep.",2004,30.6,British
"Egypt, Arab Rep.",2003,32,British
"Egypt, Arab Rep.",2002,33.5,British
"Egypt, Arab Rep.",2001,35.2,British
"Egypt, Arab Rep.",2000,37.2,British
"Egypt, Arab Rep.",1999,39.2,British
"Egypt, Arab Rep.",1998,41.5,British
"Egypt, Arab Rep.",1997,44,British
"Egypt, Arab Rep.",1996,46.6,British
"Egypt, Arab Rep.",1995,49.4,British
"Egypt, Arab Rep.",1994,52.1,British
"Egypt, Arab Rep.",1993,54.9,British
"Egypt, Arab Rep.",1992,57.5,British
"Egypt, Arab Rep.",1991,60.1,British
"Egypt, Arab Rep.",1990,62.7,British
"Egypt, Arab Rep.",1989,65.59999999999999,British
"Egypt, Arab Rep.",1988,69,British
"Egypt, Arab Rep.",1987,73.2,British
"Egypt, Arab Rep.",1986,78.09999999999999,British
"Egypt, Arab Rep.",1985,83.8,British
"Egypt, Arab Rep.",1984,90,British
"Egypt, Arab Rep.",1983,96.40000000000001,British
"Egypt, Arab Rep.",1982,102.6,British
"Egypt, Arab Rep.",1981,108.6,British
"Egypt, Arab Rep.",1980,114.3,British
"Egypt, Arab Rep.",1979,120.1,British
"Egypt, Arab Rep.",1978,126.2,British
"Egypt, Arab Rep.",1977,132.4,British
"Egypt, Arab Rep.",1976,138.6,British
"Egypt, Arab Rep.",1975,144.5,British
"Egypt, Arab Rep.",1974,149.9,British
"Egypt, Arab Rep.",1973,154.6,British
"Egypt, Arab Rep.",1972,158.2,British
"Egypt, Arab Rep.",1971,161,British
Spain,2019,2.6,Spanish
Spain,2018,2.6,Spanish
Spain,2017,2.7,Spanish
Spain,2016,2.7,Spanish
Spain,2015,2.7,Spanish
Spain,2014,2.8,Spanish
Spain,2013,2.9,Spanish
Spain,2012,2.9,Spanish
Spain,2011,3,Spanish
Spain,2010,3.2,Spanish
Spain,2009,3.3,Spanish
Spain,2008,3.4,Spanish
Spain,2007,3.6,Spanish
Spain,2006,3.7,Spanish
Spain,2005,3.8,Spanish
Spain,2004,3.9,Spanish
Spain,2003,4,Spanish
Spain,2002,4.1,Spanish
Spain,2001,4.3,Spanish
Spain,2000,4.4,Spanish
Spain,1999,4.5,Spanish
Spain,1998,4.7,Spanish
Spain,1997,4.9,Spanish
Spain,1996,5.2,Spanish
Spain,1995,5.6,Spanish
Spain,1994,5.9,Spanish
Spain,1993,6.3,Spanish
Spain,1992,6.7,Spanish
Spain,1991,7.1,Spanish
Spain,1990,7.4,Spanish
Spain,1989,7.8,Spanish
Spain,1988,8.1,Spanish
Spain,1987,8.4,Spanish
Spain,1986,8.800000000000001,Spanish
Spain,1985,9.199999999999999,Spanish
Spain,1984,9.6,Spanish
Spain,1983,10.1,Spanish
Spain,1982,10.8,Spanish
Spain,1981,11.5,Spanish
Spain,1980,12.4,Spanish
Spain,1979,13.4,Spanish
Spain,1978,14.5,Spanish
Spain,1977,15.7,Spanish
Spain,1976,17.1,Spanish
Spain,1975,18.5,Spanish
Spain,1974,20,Spanish
Luxembourg,2019,2.2,Spanish
Luxembourg,2018,2.3,Spanish
Luxembourg,2017,2.3,Spanish
Luxembourg,2016,2.4,Spanish
Luxembourg,2015,2.4,Spanish
Luxembourg,2014,2.4,Spanish
Luxembourg,2013,2.4,Spanish
Luxembourg,2012,2.4,Spanish
Luxembourg,2011,2.4,Spanish
Luxembourg,2010,2.5,Spanish
Luxembourg,2009,2.5,Spanish
Luxembourg,2008,2.6,Spanish
Luxembourg,2007,2.7,Spanish
Luxembourg,2006,2.8,Spanish
Luxembourg,2005,3,Spanish
Luxembourg,2004,3.1,Spanish
Luxembourg,2003,3.3,Spanish
Luxembourg,2002,3.5,Spanish
Luxembourg,2001,3.7,Spanish
Luxembourg,2000,3.9,Spanish
Luxembourg,1999,4.1,Spanish
Luxembourg,1998,4.3,Spanish
Luxembourg,1997,4.6,Spanish
Luxembourg,1996,4.9,Spanish
Luxembourg,1995,5.2,Spanish
Luxembourg,1994,5.6,Spanish
Luxembourg,1993,5.9,Spanish
Luxembourg,1992,6.4,Spanish
Luxembourg,1991,6.8,Spanish
Luxembourg,1990,7.2,Spanish
Luxembourg,1989,7.7,Spanish
Luxembourg,1988,8.1,Spanish
Luxembourg,1987,8.5,Spanish
Luxembourg,1986,8.9,Spanish
Luxembourg,1985,9.300000000000001,Spanish
Luxembourg,1984,9.699999999999999,Spanish
Luxembourg,1983,10.1,Spanish
Luxembourg,1982,10.5,Spanish
Luxembourg,1981,10.8,Spanish
Luxembourg,1980,11.2,Spanish
Luxembourg,1979,11.6,Spanish
Luxembourg,1978,12.1,Spanish
Luxembourg,1977,12.7,Spanish
Luxembourg,1976,13.3,Spanish
Luxembourg,1975,14.1,Spanish
Luxembourg,1974,14.9,Spanish
Luxembourg,1973,15.8,Spanish
Luxembourg,1972,16.8,Spanish
Luxembourg,1971,17.8,Spanish
Italy,2019,2.7,Spanish
Italy,2018,2.8,Spanish
Italy,2017,2.8,Spanish
Italy,2016,2.9,Spanish
Italy,2015,3,Spanish
Italy,2014,3,Spanish
Italy,2013,3.1,Spanish
Italy,2012,3.2,Spanish
Italy,2011,3.3,Spanish
Italy,2010,3.4,Spanish
Italy,2009,3.4,Spanish
Italy,2008,3.5,Spanish
Italy,2007,3.6,Spanish
Italy,2006,3.7,Spanish
Italy,2005,3.8,Spanish
Italy,2004,3.9,Spanish
Italy,2003,4.1,Spanish
Italy,2002,4.3,Spanish
Italy,2001,4.5,Spanish
Italy,2000,4.7,Spanish
Italy,1999,5,Spanish
Italy,1998,5.3,Spanish
Italy,1997,5.6,Spanish
Italy,1996,6,Spanish
Italy,1995,6.4,Spanish
Italy,1994,6.8,Spanish
Italy,1993,7.3,Spanish
Italy,1992,7.7,Spanish
Italy,1991,8,Spanish
Italy,1990,8.4,Spanish
Italy,1989,8.699999999999999,Spanish
Italy,1988,9,Spanish
Italy,1987,9.5,Spanish
Italy,1986,9.9,Spanish
Italy,1985,10.5,Spanish
Italy,1984,11.2,Spanish
Italy,1983,11.9,Spanish
Italy,1982,12.6,Spanish
Italy,1981,13.4,Spanish
Italy,1980,14.2,Spanish
Italy,1979,15.1,Spanish
Italy,1978,16.1,Spanish
Italy,1977,17.3,Spanish
Italy,1976,18.8,Spanish
Italy,1975,20.5,Spanish
Italy,1974,22.5,Spanish
Italy,1973,24.5,Spanish
Italy,1972,26.4,Spanish
Italy,1971,28.1,Spanish
Netherlands,2019,3.5,Spanish
Netherlands,2018,3.4,Spanish
Netherlands,2017,3.4,Spanish
Netherlands,2016,3.4,Spanish
Netherlands,2015,3.4,Spanish
Netherlands,2014,3.5,Spanish
Netherlands,2013,3.5,Spanish
Netherlands,2012,3.6,Spanish
Netherlands,2011,3.6,Spanish
Netherlands,2010,3.7,Spanish
Netherlands,2009,3.8,Spanish
Netherlands,2008,4,Spanish
Netherlands,2007,4.1,Spanish
Netherlands,2006,4.3,Spanish
Netherlands,2005,4.4,Spanish
Netherlands,2004,4.6,Spanish
Netherlands,2003,4.8,Spanish
Netherlands,2002,4.9,Spanish
Netherlands,2001,5,Spanish
Netherlands,2000,5.1,Spanish
Netherlands,1999,5.2,Spanish
Netherlands,1998,5.3,Spanish
Netherlands,1997,5.4,Spanish
Netherlands,1996,5.5,Spanish
Netherlands,1995,5.7,Spanish
Netherlands,1994,5.9,Spanish
Netherlands,1993,6.1,Spanish
Netherlands,1992,6.3,Spanish
Netherlands,1991,6.6,Spanish
Netherlands,1990,6.8,Spanish
Netherlands,1989,7,Spanish
Netherlands,1988,7.2,Spanish
Netherlands,1987,7.5,Spanish
Netherlands,1986,7.7,Spanish
Netherlands,1985,7.9,Spanish
Netherlands,1984,8,Spanish
Netherlands,1983,8.199999999999999,Spanish
Netherlands,1982,8.4,Spanish
Netherlands,1981,8.5,Spanish
Netherlands,1980,8.800000000000001,Spanish
Netherlands,1979,9,Spanish
Netherlands,1978,9.300000000000001,Spanish
Netherlands,1977,9.699999999999999,Spanish
Netherlands,1976,10.1,Spanish
Netherlands,1975,10.5,Spanish
Netherlands,1974,10.9,Spanish
Netherlands,1973,11.3,Spanish
Netherlands,1972,11.7,Spanish
Netherlands,1971,12.2,Spanish
Mexico,2019,12.2,Spanish
Mexico,2018,12.6,Spanish
Mexico,2017,13,Spanish
Mexico,2016,13.5,Spanish
Mexico,2015,13.9,Spanish
Mexico,2014,14.4,Spanish
Mexico,2013,14.9,Spanish
Mexico,2012,15.3,Spanish
Mexico,2011,15.9,Spanish
Mexico,2010,16.4,Spanish
Mexico,2009,16.9,Spanish
Mexico,2008,17.5,Spanish
Mexico,2007,18.1,Spanish
Mexico,2006,18.7,Spanish
Mexico,2005,19.4,Spanish
Mexico,2004,20.1,Spanish
Mexico,2003,20.9,Spanish
Mexico,2002,21.8,Spanish
Mexico,2001,22.7,Spanish
Mexico,2000,23.6,Spanish
Mexico,1999,24.7,Spanish
Mexico,1998,25.8,Spanish
Mexico,1997,26.9,Spanish
Mexico,1996,28.1,Spanish
Mexico,1995,29.3,Spanish
Mexico,1994,30.6,Spanish
Mexico,1993,31.9,Spanish
Mexico,1992,33.3,Spanish
Mexico,1991,34.7,Spanish
Mexico,1990,36.2,Spanish
Mexico,1989,37.7,Spanish
Mexico,1988,39.3,Spanish
Mexico,1987,40.9,Spanish
Mexico,1986,42.6,Spanish
Mexico,1985,44.4,Spanish
Mexico,1984,46.1,Spanish
Mexico,1983,48,Spanish
Mexico,1982,50,Spanish
Mexico,1981,52,Spanish
Mexico,1980,54,Spanish
Mexico,1979,56.1,Spanish
Mexico,1978,58.2,Spanish
Mexico,1977,60.2,Spanish
Mexico,1976,62.4,Spanish
Mexico,1975,64.59999999999999,Spanish
Mexico,1974,66.8,Spanish
Mexico,1973,69,Spanish
Mexico,1972,71.3,Spanish
Mexico,1971,73.8,Spanish
Peru,2019,10.3,Spanish
Peru,2018,10.7,Spanish
Peru,2017,11.1,Spanish
Peru,2016,11.6,Spanish
Peru,2015,12.2,Spanish
Peru,2014,12.7,Spanish
Peru,2013,13.3,Spanish
Peru,2012,14,Spanish
Peru,2011,14.7,Spanish
Peru,2010,15.5,Spanish
Peru,2009,16.3,Spanish
Peru,2008,17.3,Spanish
Peru,2007,18.3,Spanish
Peru,2006,19.5,Spanish
Peru,2005,20.8,Spanish
Peru,2004,22.2,Spanish
Peru,2003,23.7,Spanish
Peru,2002,25.5,Spanish
Peru,2001,27.4,Spanish
Peru,2000,29.5,Spanish
Peru,1999,31.9,Spanish
Peru,1998,34.4,Spanish
Peru,1997,37.1,Spanish
Peru,1996,39.9,Spanish
Peru,1995,42.8,Spanish
Peru,1994,45.7,Spanish
Peru,1993,48.6,Spanish
Peru,1992,51.4,Spanish
Peru,1991,54.1,Spanish
Peru,1990,56.7,Spanish
Peru,1989,59.4,Spanish
Peru,1988,62.1,Spanish
Peru,1987,65,Spanish
Peru,1986,68.09999999999999,Spanish
Peru,1985,71.3,Spanish
Peru,1984,74.2,Spanish
Peru,1983,76.90000000000001,Spanish
Peru,1982,79.3,Spanish
Peru,1981,81.40000000000001,Spanish
Peru,1980,83.09999999999999,Spanish
Peru,1979,84.7,Spanish
Peru,1978,86.3,Spanish
Peru,1977,88,Spanish
Peru,1976,89.8,Spanish
Peru,1975,91.90000000000001,Spanish
Peru,1974,94.3,Spanish
Peru,1973,96.8,Spanish
Peru,1972,99.3,Spanish
Peru,1971,101.9,Spanish
Morocco,2019,18.3,Spanish
Morocco,2018,19.1,Spanish
Morocco,2017,19.9,Spanish
Morocco,2016,20.7,Spanish
Morocco,2015,21.7,Spanish
Morocco,2014,22.7,Spanish
Morocco,2013,23.8,Spanish
Morocco,2012,24.9,Spanish
Morocco,2011,26.1,Spanish
Morocco,2010,27.3,Spanish
Morocco,2009,28.5,Spanish
Morocco,2008,29.8,Spanish
Morocco,2007,31.1,Spanish
Morocco,2006,32.4,Spanish
Morocco,2005,33.9,Spanish
Morocco,2004,35.3,Spanish
Morocco,2003,36.8,Spanish
Morocco,2002,38.4,Spanish
Morocco,2001,40,Spanish
Morocco,2000,41.7,Spanish
Morocco,1999,43.5,Spanish
Morocco,1998,45.3,Spanish
Morocco,1997,47.2,Spanish
Morocco,1996,49.2,Spanish
Morocco,1995,51.3,Spanish
Morocco,1994,53.5,Spanish
Morocco,1993,55.6,Spanish
Morocco,1992,57.9,Spanish
Morocco,1991,60.1,Spanish
Morocco,1990,62.5,Spanish
Morocco,1989,64.90000000000001,Spanish
Morocco,1988,67.59999999999999,Spanish
Morocco,1987,70.40000000000001,Spanish
Morocco,1986,73.40000000000001,Spanish
Morocco,1985,76.5,Spanish
Morocco,1984,79.8,Spanish
Morocco,1983,83.2,Spanish
Morocco,1982,86.5,Spanish
Morocco,1981,89.90000000000001,Spanish
Morocco,1980,93.3,Spanish
Morocco,1979,96.59999999999999,Spanish
Morocco,1978,100,Spanish
Morocco,1977,103.3,Spanish
Morocco,1976,106.3,Spanish
Morocco,1975,109.2,Spanish
Morocco,1974,111.7,Spanish
Morocco,1973,114,Spanish
Morocco,1972,116.1,Spanish
Morocco,1971,118.2,Spanish
Argentina,2019,8.199999999999999,Spanish
Argentina,2018,8.699999999999999,Spanish
Argentina,2017,9.199999999999999,Spanish
Argentina,2016,9.699999999999999,Spanish
Argentina,2015,10.2,Spanish
Argentina,2014,10.8,Spanish
Argentina,2013,11.3,Spanish
Argentina,2012,11.9,Spanish
Argentina,2011,12.4,Spanish
Argentina,2010,12.9,Spanish
Argentina,2009,13.3,Spanish
Argentina,2008,13.7,Spanish
Argentina,2007,14,Spanish
Argentina,2006,14.4,Spanish
Argentina,2005,14.8,Spanish
Argentina,2004,15.3,Spanish
Argentina,2003,15.8,Spanish
Argentina,2002,16.4,Spanish
Argentina,2001,16.9,Spanish
Argentina,2000,17.5,Spanish
Argentina,1999,18.2,Spanish
Argentina,1998,18.9,Spanish
Argentina,1997,19.7,Spanish
Argentina,1996,20.5,Spanish
Argentina,1995,21.4,Spanish
Argentina,1994,22.4,Spanish
Argentina,1993,23.4,Spanish
Argentina,1992,24.2,Spanish
Argentina,1991,24.9,Spanish
Argentina,1990,25.3,Spanish
Argentina,1989,25.5,Spanish
Argentina,1988,25.6,Spanish
Argentina,1987,25.7,Spanish
Argentina,1986,26.1,Spanish
Argentina,1985,27,Spanish
Argentina,1984,28.2,Spanish
Argentina,1983,29.8,Spanish
Argentina,1982,31.9,Spanish
Argentina,1981,34.2,Spanish
Argentina,1980,37,Spanish
Argentina,1979,40.1,Spanish
Argentina,1978,43.6,Spanish
Argentina,1977,47,Spanish
Argentina,1976,50.2,Spanish
Argentina,1975,52.7,Spanish
Argentina,1974,54.8,Spanish
Argentina,1973,56.3,Spanish
Argentina,1972,57.4,Spanish
Argentina,1971,58.3,Spanish
Guatemala,2019,20.7,Spanish
Guatemala,2018,21.4,Spanish
Guatemala,2017,22.1,Spanish
Guatemala,2016,22.9,Spanish
Guatemala,2015,23.7,Spanish
Guatemala,2014,24.6,Spanish
Guatemala,2013,25.5,Spanish
Guatemala,2012,26.5,Spanish
Guatemala,2011,27.5,Spanish
Guatemala,2010,28.5,Spanish
Guatemala,2009,29.6,Spanish
Guatemala,2008,30.7,Spanish
Guatemala,2007,31.9,Spanish
Guatemala,2006,33.1,Spanish
Guatemala,2005,34.2,Spanish
Guatemala,2004,35.5,Spanish
Guatemala,2003,36.7,Spanish
Guatemala,2002,38,Spanish
Guatemala,2001,39.4,Spanish
Guatemala,2000,40.8,Spanish
Guatemala,1999,42.3,Spanish
Guatemala,1998,43.9,Spanish
Guatemala,1997,45.5,Spanish
Guatemala,1996,47.2,Spanish
Guatemala,1995,49,Spanish
Guatemala,1994,50.9,Spanish
Guatemala,1993,52.9,Spanish
Guatemala,1992,54.9,Spanish
Guatemala,1991,57.1,Spanish
Guatemala,1990,59.3,Spanish
Guatemala,1989,61.6,Spanish
Guatemala,1988,64.09999999999999,Spanish
Guatemala,1987,66.59999999999999,Spanish
Guatemala,1986,69.09999999999999,Spanish
Guatemala,1985,71.8,Spanish
Guatemala,1984,74.59999999999999,Spanish
Guatemala,1983,77.3,Spanish
Guatemala,1982,80.09999999999999,Spanish
Guatemala,1981,82.90000000000001,Spanish
Guatemala,1980,85.7,Spanish
Guatemala,1979,88.59999999999999,Spanish
Guatemala,1978,91.5,Spanish
Guatemala,1977,94.5,Spanish
Guatemala,1976,97.5,Spanish
Guatemala,1975,100.6,Spanish
Guatemala,1974,103.6,Spanish
Guatemala,1973,106.7,Spanish
Guatemala,1972,109.8,Spanish
Guatemala,1971,112.9,Spanish
